,Sample ID,Depth (Cm),PH (1:1),ECe (1:2),OM,P,Unnamed: 6,Unnamed: 7
0,124083.0,1-15 cm,7.9,1.1,0.53,4.0,,
1,124083.0,15-30,7.9,1.01,0.52,3.9,,
2,124142.0,1-15 cm,8.2,0.9,0.49,3.5,,
3,124142.0,15-30,8.1,0.9,0.5,3.2,,
4,123903.0,1-15 cm,8.0,0.79,0.61,4.1,,
5,123903.0,15-30,7.9,0.77,0.5,4.5,,
6,124078.0,1-15 cm,7.9,0.9,0.47,4.0,,
7,124078.0,15-30,7.8,0.91,0.45,3.2,,
8,124042.0,1-15 cm,7.9,1.0,0.4,6.0,,
9,124042.0,15-30,8.0,0.9,0.39,4.0,,
10,124081.0,1-15 cm,8.0,1.03,0.5,3.7,,
11,124081.0,15-30,8.1,1.0,0.48,3.8,,
12,124142.0,1-15 cm,7.8,1.1,0.6,6.0,,
13,124142.0,15-30,7.9,1.02,0.4,5.0,,
14,124084.0,1-15 cm,7.9,0.73,0.4,3.3,,
15,124084.0,15-30,7.9,0.6,0.5,6.0,,
16,124083.0,1-15 cm,7.8,0.7,0.49,5.3,,
17,124083.0,15-30,7.8,0.68,0.5,5.0,,
18,124143.0,1-15 cm,7.9,0.92,0.55,6.0,,
19,124143.0,15-30,8.0,0.7,0.49,5.0,,
20,124079.0,1-15 cm,8.0,1.1,0.4,4.0,,
21,124079.0,15-30,8.0,1.0,0.3,5.0,,
22,124043.0,1-15 cm,7.0,0.91,0.49,3.1,,
23,124043.0,15-30,8.0,0.8,0.5,4.5,,
24,124084.0,1-15 cm,7.9,0.79,0.42,3.3,,
25,124084.0,15-30,8.0,0.6,0.37,4.0,,
26,124154.0,1-15 cm,7.9,0.56,0.5,6.0,,
27,124154.0,15-30,8.0,0.5,0.4,5.0,,
28,124173.0,1-15 cm,8.3,0.7,0.5,3.5,,
29,124173.0,15-30,8.3,0.5,0.35,3.0,,
30,124079.0,1-15 cm,8.1,0.4,0.4,5.0,,
31,124079.0,15-30,8.0,0.5,0.5,6.0,,
32,123900.0,1-15 cm,7.7,0.7,0.3,6.0,,
33,123900.0,15-30,7.8,0.74,0.3,4.0,,
34,124155.0,1-15 cm,8.1,0.3,0.4,5.0,,
35,124155.0,15-30,7.9,0.3,0.5,6.0,,
36,124172.0,1-15 cm,8.1,0.5,0.4,6.0,,
37,124172.0,15-30,8.0,0.5,0.3,4.0,,
38,124170.0,1-15 cm,8.3,0.4,0.5,6.0,,
39,124170.0,15-30,8.2,0.3,0.3,4.0,,
40,124154.0,1-15 cm,8.0,0.5,0.4,6.0,,
41,124154.0,15-30,7.9,0.5,0.4,5.0,,
42,123894.0,1-15 cm,8.0,0.9,0.6,6.5,,
43,123894.0,15-30,8.0,0.9,0.5,6.2,,
44,123895.0,1-15 cm,8.2,1.1,0.5,6.0,,
45,123895.0,15-30,8.2,1.2,0.4,6.2,,
46,123898.0,1-15 cm,8.22,0.9,0.7,4.7,,
47,123898.0,15-30,8.21,0.8,0.5,5.0,,
48,124171.0,1-15 cm,8.1,0.71,0.65,5.3,,
49,124171.0,15-30,8.0,0.67,0.6,5.2,,
50,124043.0,1-15 cm,8.26,0.68,0.3,6.0,,
51,124043.0,15-30,8.26,0.67,0.3,5.95,,
52,123900.0,1-15 cm,7.9,3.28,0.32,4.3,,
53,123900.0,15-30,7.9,3.25,0.31,4.0,,
54,123901.0,1-15 cm,7.9,0.91,0.2,6.08,,
55,123901.0,15-30,7.8,0.9,0.2,6.0,,
56,123902.0,1-15 cm,7.9,1.39,0.59,5.4,,
57,123902.0,15-30,7.9,1.39,0.56,5.37,,
58,123899.0,1-15 cm,8.13,0.9,0.38,5.2,,
59,123899.0,15-30,8.14,0.91,0.37,5.0,,
60,124144.0,1-15 cm,8.23,0.66,0.33,7.0,,
61,124144.0,15-30,8.23,0.66,0.33,6.6,,
62,124145.0,1-15 cm,7.7,0.5,0.35,5.0,,
63,124145.0,15-30,7.7,0.49,0.34,4.5,,
64,123903.0,1-15 cm,7.9,0.82,0.31,5.1,,
65,123903.0,15-30,8.0,0.8,0.3,4.8,,
66,124078.0,1-15 cm,8.1,0.58,0.2,5.3,,
67,124078.0,15-30,8.2,0.58,0.2,5.0,,
68,124082.0,1-15 cm,8.0,1.3,0.38,6.0,,
69,124082.0,15-30,8.0,0.53,0.37,5.8,,
70,124143.0,1-15 cm,7.9,0.65,0.59,5.1,,
71,124143.0,15-30,7.9,0.61,0.57,4.8,,
72,124117.0,1-15 cm,8.24,0.76,0.42,5.2,,
73,124117.0,15-30,8.24,0.7,0.4,5.0,,
74,124164.0,1-15 cm,8.0,1.68,0.4,4.5,,
75,124164.0,15-30,8.0,1.67,0.39,4.0,,
76,124116.0,1-15 cm,7.9,0.72,0.35,5.0,,
77,124116.0,15-30,8.0,0.7,0.3,3.0,,
78,124115.0,1-15 cm,8.0,0.68,0.4,3.0,,
79,124115.0,15-30,7.9,0.6,0.4,5.0,,
80,124114.0,1-15 cm,8.1,0.81,0.3,4.8,,
81,124114.0,15-30,8.1,0.8,0.3,4.0,,
82,124254.0,1-15 cm,8.0,0.78,0.6,5.0,,
83,124254.0,15-30,7.9,0.77,0.58,5.0,,
84,124256.0,1-15 cm,8.0,0.75,0.6,3.8,,
85,124256.0,15-30,7.0,0.77,0.6,3.5,,
86,124038.0,1-15 cm,8.25,0.76,0.53,3.4,,
87,124038.0,15-30,8.21,0.75,0.5,3.0,,
88,124091.0,1-15 cm,7.8,1.07,0.4,4.3,,
89,124091.0,15-30,7.9,1.0,0.4,4.0,,
90,124010.0,1-15 cm,7.7,2.17,0.4,4.0,,
91,124010.0,15-30,7.8,2.1,0.3,3.5,,
92,124254.0,1-15 cm,8.01,2.1,0.5,5.0,,
93,124254.0,15-30,8.0,2.03,0.4,5.0,,
94,124040.0,1-15 cm,7.9,1.6,0.4,4.0,,
95,124040.0,15-30,7.9,1.54,0.3,3.8,,
96,124013.0,1-15 cm,8.2,1.69,0.5,6.0,,
97,124013.0,15-30,8.19,1.6,0.5,5.5,,
98,124149.0,1-15 cm,7.9,2.02,0.3,4.0,,
99,124149.0,15-30,7.9,2.0,0.3,3.6,,
100,124012.0,1-15 cm,8.09,1.62,0.5,5.2,,
101,124012.0,15-30,8.1,1.6,0.4,5.0,,
102,124255.0,1-15 cm,8.0,1.7,0.6,6.0,,
103,124255.0,15-30,7.9,1.67,0.5,5.0,,
104,124092.0,1-15 cm,7.7,2.02,0.5,5.0,,
105,124092.0,15-30,7.8,2.01,0.4,4.8,,
106,124148.0,1-15cm,7.6,1.63,0.3,3.5,,
107,124148.0,15-30,7.6,1.61,0.28,3.0,,
108,124038.0,1-15cm,7.7,1.61,0.4,4.0,,
109,124038.0,15-30,7.8,1.6,0.32,3.7,,
110,124093.0,1-15 cm,7.9,1.28,0.4,4.2,,
111,124093.0,15-30,8.0,1.25,0.34,3.8,,
112,124011.0,1-15 cm,8.01,1.36,0.3,4.4,,
113,124011.0,15-30,7.9,1.34,0.3,4.2,,
114,124057.0,1-15 cm,8.0,1.3,0.38,4.1,,
115,124057.0,15-30,7.9,1.32,0.3,4.0,,
116,124039.0,1-15cm,7.8,1.09,0.4,5.0,,
117,124039.0,15-30,7.9,1.11,0.36,4.3,,
118,124091.0,1-15cm,8.3,1.13,0.3,3.5,,
119,124091.0,15-30,8.2,1.11,0.3,3.1,,
120,124149.0,1-15cm,8.0,1.97,0.4,4.2,,
121,124149.0,15-30,8.02,1.95,0.3,3.2,,
122,124010.0,1-15cm,8.18,1.91,0.4,5.0,,
123,124010.0,15-30,8.15,1.87,0.34,4.7,,
124,110768.0,1-15cm,7.9,4.05,0.5,5.5,,
125,110768.0,15-30,7.86,4.01,0.45,5.1,,
126,110765.0,1-15cm,8.1,1.69,0.4,4.3,,
127,110765.0,15-30,8.01,1.6,0.34,4.2,,
128,124090.0,1-15cm,8.0,1.33,0.3,3.4,,
129,124090.0,15-30,8.1,1.29,0.3,3.0,,
130,110861.0,1-15cm,8.3,1.11,0.4,4.2,,
131,110861.0,15-30,8.2,1.09,0.3,3.8,,
132,124148.0,1-15cm,7.9,1.94,0.4,4.1,,
133,124148.0,15-30,8.03,1.88,0.34,3.8,,
134,110862.0,1-15cm,8.01,1.7,0.4,4.2,,
135,110862.0,15-30,8.1,1.65,0.36,3.9,,
136,110767.0,1-15cm,7.9,1.19,0.5,5.0,,
137,110767.0,15-30,7.9,1.15,0.43,4.3,,
138,110741.0,1-15cm,7.9,1.73,0.5,5.0,,
139,110741.0,15-30,8.02,1.71,0.43,4.7,,
140,110860.0,1cm-15cm,7.9,1.02,0.47,4.3,,
141,110860.0,15cm-30cm,7.9,0.9,0.43,4.0,,
142,110638.0,1cm-15cm,8.0,0.59,0.5,5.4,,
143,110638.0,15cm-30cm,7.9,0.54,0.52,5.4,,
144,110639.0,1cm-15cm,7.9,0.62,0.6,5.0,,
145,110639.0,15cm-30cm,7.9,0.55,0.59,4.8,,
146,110640.0,1cm-15cm,7.7,1.2,0.4,4.3,,
147,110640.0,15cm-30cm,7.8,0.99,0.43,4.1,,
148,110641.0,1cm-15cm,8.0,1.1,0.6,5.2,,
149,110641.0,15cm-30cm,7.8,1.2,0.52,5.1,,
150,110642.0,1cm-15cm,7.7,1.5,0.4,5.4,,
151,110642.0,15cm-30cm,7.8,1.44,0.42,5.2,,
152,110643.0,1cm-15cm,8.2,0.92,0.57,4.2,,
153,110643.0,15cm-30cm,8.2,0.88,0.5,4.4,,
154,110650.0,1cm-15cm,7.9,5.0,0.72,4.1,,
155,110650.0,15cm-30cm,7.9,1.1,0.67,6.0,,
156,110651.0,1cm-15cm,8.0,0.91,0.52,5.8,,
157,110651.0,15cm-30cm,7.9,1.1,0.52,4.5,,
158,110652.0,1cm-15cm,8.1,2.6,0.41,3.8,,
159,110652.0,15cm-30cm,7.9,2.1,0.47,3.7,,
160,110653.0,1cm-15cm,7.8,0.88,0.52,4.4,,
161,110653.0,15cm-30cm,7.9,0.93,0.52,4.3,,
162,110654.0,1cm-15cm,7.6,0.134,0.6,4.1,,
163,110654.0,15cm-30cm,7.7,0.15,0.65,4.0,,
164,110655.0,1cm-15cm,7.9,1.1,0.47,4.4,,
165,110655.0,15cm-30cm,8.0,0.84,0.55,3.9,,
166,110656.0,1cm-15cm,7.8,0.88,0.54,4.2,,
167,110656.0,15cm-30cm,7.9,0.73,0.57,4.0,,
168,110659.0,1cm-15cm,8.1,1.1,0.4,3.6,,
169,110659.0,15cm-30cm,8.0,0.96,0.41,4.1,,
170,110661.0,1cm-15cm,7.9,0.88,0.42,3.9,,
171,110661.0,15cm-30cm,8.1,0.74,0.39,3.0,,
172,110662.0,1cm-15cm,7.8,1.1,0.52,4.5,,
173,110662.0,15cm-30cm,7.9,1.01,0.53,4.4,,
174,110663.0,1cm-15cm,8.2,0.69,0.4,3.3,,
175,110663.0,15cm-30cm,8.2,0.92,0.45,3.0,,
176,110740.0,1cm-15cm,7.9,0.87,0.51,3.6,,
177,110740.0,15cm-30cm,8.0,0.92,0.52,3.1,,
178,110746.0,1cm-15cm,8.1,1.2,0.54,4.7,,
179,110746.0,15cm-30cm,7.9,1.06,0.57,4.5,,
180,110752.0,1cm-15cm,7.9,1.5,0.52,5.0,,
181,110752.0,15cm-30cm,7.8,1.32,0.48,5.1,,
182,110755.0,1cm-15cm,7.9,0.97,0.62,4.6,,
183,110755.0,15cm-30cm,8.1,1.33,0.51,4.5,,
184,110756.0,1cm-15cm,8.0,1.45,0.49,4.5,,
185,110756.0,15cm-30cm,7.9,1.1,0.52,4.7,,
186,110757.0,1cm-15cm,7.7,1.21,0.43,4.5,,
187,110757.0,15cm-30cm,7.6,1.53,0.47,4.3,,
188,110758.0,1cm-15cm,8.0,1.89,0.51,3.5,,
189,110758.0,15cm-30cm,7.9,1.74,0.43,3.5,,
190,110759.0,1cm-15cm,8.1,1.8,0.39,4.5,,
191,110759.0,15cm-30cm,8.0,1.74,0.35,4.2,,
192,110760.0,1cm-15cm,7.8,1.62,0.5,4.5,,
193,110760.0,15cm-30cm,7.9,0.77,0.41,4.2,,
194,110762.0,1cm-15cm,7.9,0.9,0.45,4.1,,
195,110762.0,15cm-30cm,8.0,1.05,0.36,4.0,,
196,110763.0,1cm-15cm,8.1,1.2,0.43,3.6,,
197,110763.0,15cm-30cm,8.0,0.66,0.5,4.0,,
198,110766.0,1cm-15cm,7.9,1.1,0.61,3.5,,
199,110766.0,15cm-30cm,8.0,0.91,0.53,3.2,,
200,123581.0,1cm-15cm,7.6,2.3,0.41,4.2,,
201,123581.0,15cm-30cm,7.8,1.17,0.45,4.0,,
202,123582.0,1cm-15cm,8.1,0.92,0.37,4.3,,
203,123582.0,15cm-30cm,8.0,1.1,0.53,4.4,,
204,123583.0,1cm-15cm,7.9,1.4,0.56,4.4,,
205,123583.0,15cm-30cm,7.8,1.1,0.57,4.7,,
206,123584.0,1cm-15cm,7.9,0.95,0.5,4.5,,
207,123584.0,15cm-30cm,7.7,0.88,0.52,4.2,,
208,123585.0,1cm-15cm,7.9,1.1,0.5,4.7,,
209,123585.0,15cm-30cm,7.9,1.12,0.55,4.5,,
210,123586.0,1cm-15cm,8.1,1.65,0.6,4.9,,
211,123586.0,15cm-30cm,8.0,1.57,0.53,5.2,,
212,123688.0,1cm-15cm,8.0,0.92,0.46,4.1,,
213,123688.0,15cm-30cm,7.9,0.88,0.51,4.3,,
214,123689.0,1cm-15cm,7.9,1.67,0.43,4.1,,
215,123689.0,15cm-30cm,7.8,1.81,0.45,4.0,,
216,123691.0,1cm-15cm,8.1,1.43,0.52,4.5,,
217,123691.0,15cm-30cm,7.9,1.2,0.47,4.1,,
218,123692.0,1cm-15cm,7.9,0.92,0.54,4.1,,
219,123692.0,15cm-30cm,8.0,0.88,0.49,4.6,,
220,123694.0,1cm-15cm,7.9,1.1,0.53,5.1,,
221,123694.0,15cm-30cm,8.0,1.11,0.46,5.0,,
222,123695.0,1cm-15cm,7.9,0.93,0.5,4.4,,
223,123695.0,15cm-30cm,7.8,1.1,0.4,4.2,,
224,123696.0,1cm-15cm,8.1,0.9,0.46,5.7,,
225,123696.0,15cm-30cm,7.9,1.3,0.5,5.3,,
226,123697.0,1cm-15cm,7.8,2.1,0.3,4.2,,
227,123697.0,15cm-30cm,7.9,2.3,0.43,4.5,,
228,123702.0,1cm-15cm,8.1,1.12,0.5,4.5,,
229,123702.0,15cm-30cm,8.0,0.91,0.49,4.2,,
230,123703.0,1cm-15cm,7.9,1.5,0.47,4.1,,
231,123703.0,15cm-30cm,8.0,1.65,0.43,4.2,,
232,123704.0,1cm-15cm,7.8,1.1,0.41,3.5,,
233,123704.0,15cm-30cm,7.9,1.09,0.54,3.7,,
234,123705.0,1cm-15cm,8.1,1.47,0.37,4.1,,
235,123705.0,15cm-30cm,8.0,1.5,0.43,4.0,,
236,123706.0,1cm-15cm,7.9,1.1,0.5,4.5,,
237,123706.0,15cm-30cm,8.0,1.09,0.48,4.8,,
238,123707.0,1cm-15cm,8.1,0.94,0.4,4.1,,
239,123707.0,15cm-30cm,8.0,1.1,0.42,4.0,,
240,123708.0,1cm-15cm,7.9,1.22,0.5,4.3,,
241,123708.0,15cm-30cm,7.8,1.13,0.51,5.0,,
242,123709.0,1cm-15cm,7.8,1.15,0.5,4.2,,
243,123709.0,15cm-30cm,7.9,1.08,0.42,4.1,,
244,123710.0,1cm-15cm,8.0,1.43,0.37,4.8,,
245,123710.0,15cm-30cm,8.1,1.57,0.38,4.7,,
246,123711.0,1cm-15cm,7.8,0.93,0.41,5.1,,
247,123711.0,15cm-30cm,7.9,0.88,0.5,5.0,,
248,123712.0,1cm-15cm,8.0,1.37,0.41,5.1,,
249,123712.0,15cm-30cm,7.9,1.09,0.4,4.8,,
250,123713.0,1cm-15cm,8.1,0.9,0.5,4.0,,
251,123713.0,15cm-30cm,8.0,0.89,0.52,3.8,,
252,123714.0,1cm-15cm,7.9,1.05,0.47,4.6,,
253,123714.0,15cm-30cm,7.8,1.05,0.45,5.6,,
254,123718.0,1cm-15cm,7.8,1.09,0.43,3.8,,
255,123718.0,15cm-30cm,7.9,1.12,0.45,4.0,,
256,123719.0,1cm-15cm,8.1,1.19,0.5,4.1,,
257,123719.0,15cm-30cm,7.9,1.09,0.44,4.2,,
258,123720.0,1cm-15cm,8.0,1.58,0.45,4.5,,
259,123720.0,15cm-30cm,7.8,1.77,0.55,4.1,,
260,110866.0,1cm-15cm,7.7,1.15,0.6,6.3,,
261,110866.0,15cm-30cm,7.8,1.21,0.55,5.6,,
262,110867.0,1cm-15cm,8.0,1.62,0.3,5.0,,
263,110867.0,15cm-30cm,7.9,1.77,0.45,4.8,,
264,110872.0,1cm-15cm,7.8,1.11,0.5,5.1,,
265,110872.0,15cm-30cm,7.7,1.02,0.44,5.2,,
266,110882.0,1cm-15cm,8.3,0.9,0.39,4.5,,
267,110882.0,15cm-30cm,8.2,1.44,0.47,4.1,,
268,110884.0,1cm-15cm,7.7,1.56,0.41,5.6,,
269,110884.0,15cm-30cm,7.8,1.09,0.57,5.2,,
270,110886.0,1cm-15cm,7.9,1.13,0.47,4.1,,
271,110886.0,15cm-30cm,7.8,1.09,0.52,4.3,,
272,110992.0,1cm-15cm,7.9,1.11,0.57,6.5,,
273,110992.0,15cm-30cm,8.0,1.13,0.55,5.8,,
274,110997.0,1cm-15cm,7.8,1.11,0.42,4.5,,
275,110997.0,15cm-30cm,7.9,0.96,0.41,4.3,,
276,111001.0,1cm-15cm,8.1,0.91,0.52,4.0,,
277,111001.0,15cm-30cm,8.0,1.09,0.47,4.1,,
278,111003.0,1cm-15cm,7.9,1.32,0.5,5.0,,
279,111003.0,15cm-30cm,7.8,1.83,0.49,4.8,,
280,111004.0,1cm-15cm,8.0,1.07,0.34,3.9,,
281,111004.0,15cm-30cm,7.9,0.9,0.5,4.0,,
282,111017.0,1cm-15cm,7.8,1.71,0.67,5.6,,
283,111017.0,15cm-30cm,7.7,1.88,0.62,5.5,,
284,111018.0,1cm-15cm,7.8,1.36,0.57,4.9,,
285,111018.0,15cm-30cm,7.9,1.12,0.49,4.7,,
286,111019.0,1cm-15cm,8.3,1.86,0.52,5.2,,
287,111019.0,15cm-30cm,8.1,1.73,0.5,5.5,,
288,111021.0,1cm-15cm,7.8,1.09,0.34,4.0,,
289,111021.0,15cm-30cm,7.7,0.98,0.3,4.1,,
290,111024.0,1cm-15cm,8.1,1.1,0.41,5.2,,
291,111024.0,15cm-30cm,8.0,1.33,0.47,5.0,,
292,123680.0,1cm-15cm,8.1,1.11,0.5,4.5,,
293,123680.0,15cm-30cm,8.0,0.9,0.44,4.8,,
294,123681.0,1cm-15cm,7.7,0.309,0.6,4.1,,
295,123681.0,15cm-30cm,7.8,0.316,0.7,4.0,,
296,123682.0,1cm-15cm,7.9,1.32,0.43,5.0,,
297,123682.0,15cm-30cm,7.8,1.36,0.45,5.1,,
298,123683.0,1cm-15cm,8.1,2.5,0.42,5.5,,
299,123683.0,15cm-30cm,8.0,2.34,0.4,4.8,,
300,123684.0,1cm-15cm,7.8,0.615,0.4,5.5,,
301,123684.0,15cm-30cm,7.9,0.651,0.52,5.0,,
302,123685.0,1cm-15cm,7.9,0.65,0.43,4.6,,
303,123685.0,15cm-30cm,7.6,0.702,0.42,4.3,,
304,123686.0,1cm-15cm,8.1,1.13,0.43,4.1,,
305,123686.0,15cm-30cm,8.0,1.11,0.39,4.6,,
306,123698.0,1cm-15cm,7.8,0.93,0.54,6.0,,
307,123698.0,15cm-30cm,7.9,1.03,0.51,5.5,,
308,123699.0,1cm-15cm,7.8,1.14,0.43,4.8,,
309,123699.0,15cm-30cm,7.9,0.88,0.63,5.4,,
310,123700.0,1cm-15cm,8.1,2.4,0.48,5.6,,
311,123700.0,15cm-30cm,8.0,2.38,0.6,5.4,,
312,123701.0,1cm-15cm,7.7,0.91,0.37,5.0,,
313,123701.0,15cm-30cm,7.8,1.03,0.4,4.8,,
314,123893.0,1cm-15cm,7.9,1.1,0.5,5.5,,
315,123893.0,15cm-30cm,8.1,0.92,0.49,5.6,,
316,123916.0,1cm-15cm,7.7,1.12,0.41,4.8,,
317,123916.0,15cm-30cm,7.8,1.17,0.45,4.5,,
318,123917.0,1cm-15cm,7.9,1.09,0.3,4.8,,
319,123917.0,15cm-30cm,8.0,1.12,0.42,5.1,,
320,110734.0,1cm-15cm,7.9,1.09,0.5,4.8,,
321,110734.0,15cm-30cm,7.8,1.45,0.57,4.6,,
322,110735.0,1cm-15cm,8.2,1.09,0.43,4.2,,
323,110735.0,15cm-30cm,8.1,0.99,0.41,4.0,,
324,110736.0,1cm-15cm,7.9,1.45,0.36,4.2,,
325,110736.0,15cm-30cm,7.8,1.4,0.42,4.5,,
326,110737.0,1cm-15cm,7.9,1.09,0.55,4.6,,
327,110737.0,15cm-30cm,7.9,1.13,0.62,4.3,,
328,110738.0,1cm-15cm,7.7,0.84,0.45,3.8,,
329,110738.0,15cm-30cm,7.9,1.01,0.5,4.2,,
330,110767.0,1cm-15cm,8.1,1.03,0.43,4.2,,
331,110767.0,15cm-30cm,7.9,1.21,0.45,4.1,,
332,110768.0,1cm-15cm,7.9,0.86,0.41,4.6,,
333,110768.0,15cm-30cm,7.8,0.93,0.45,4.4,,
334,110773.0,1cm-15cm,8.1,1.24,0.5,4.0,,
335,110773.0,15cm-30cm,8.0,1.15,0.48,3.9,,
336,110775.0,1cm-15cm,7.9,0.98,0.45,5.2,,
337,110775.0,15cm-30cm,7.8,1.43,0.5,5.1,,
338,110776.0,1cm-15cm,8.1,1.25,0.6,4.5,,
339,110776.0,15cm-30cm,8.0,1.53,0.48,4.2,,
340,110777.0,1cm-15cm,7.9,0.98,0.5,5.1,,
341,110777.0,15cm-30cm,7.8,1.08,0.54,4.8,,
342,110778.0,1cm-15cm,7.7,1.49,0.57,4.4,,
343,110778.0,15cm-30cm,7.7,1.53,0.47,4.2,,
344,110779.0,1cm-15cm,7.7,1.85,0.41,4.0,,
345,110779.0,15cm-30cm,7.7,0.94,0.78,4.5,,
346,110781.0,1cm-15cm,7.7,1.02,0.62,4.2,,
347,110781.0,15cm-30cm,7.6,1.22,0.67,4.5,,
348,110852.0,1cm-15cm,7.8,1.38,0.72,4.0,,
349,110852.0,15cm-30cm,7.7,0.8,0.55,5.2,,
350,110853.0,1cm-15cm,7.7,0.86,0.66,5.5,,
351,110853.0,15cm-30cm,7.8,0.81,0.71,5.8,,
352,110854.0,1cm-15cm,7.6,0.94,0.55,4.9,,
353,110854.0,15cm-30cm,7.7,0.93,0.88,4.4,,
354,110855.0,1cm-15cm,7.6,1.39,0.78,4.0,,
355,110855.0,15cm-30cm,7.7,0.81,0.83,4.2,,
356,110856.0,1cm-15cm,7.7,0.91,0.72,4.0,,
357,110856.0,15cm-30cm,7.8,1.0,0.78,4.8,,
358,110857.0,1cm-15cm,7.7,0.9,0.83,5.2,,
359,110857.0,15cm-30cm,7.7,0.98,0.86,5.5,,
360,110858.0,1cm-15cm,7.8,1.04,0.76,5.4,,
361,110858.0,15cm-30cm,7.7,1.01,0.67,3.6,,
362,110859.0,1cm-15cm,7.5,1.24,0.57,3.5,,
363,110859.0,15cm-30cm,7.6,1.76,0.52,3.0,,
364,110862.0,1cm-15cm,7.5,1.75,0.62,3.5,,
365,110862.0,15cm-30cm,7.6,1.16,0.72,4.1,,
366,110863.0,1cm-15cm,7.7,0.88,0.78,3.9,,
367,110863.0,15cm-30cm,7.7,0.83,0.72,4.1,,
368,110892.0,1cm-15cm,7.6,1.31,0.83,3.8,,
369,110892.0,15cm-30cm,7.7,0.96,0.78,3.6,,
370,110893.0,1cm-15cm,7.7,0.97,0.72,4.1,,
371,110893.0,15cm-30cm,7.6,1.33,0.67,3.2,,
372,110895.0,1cm-15cm,7.6,1.15,0.78,3.6,,
373,110895.0,15cm-30cm,7.7,0.77,0.67,3.5,,
374,110898.0,1cm-15cm,7.6,0.86,0.62,3.1,,
375,110898.0,15cm-30cm,7.7,0.85,0.57,3.2,,
376,110899.0,1cm-15cm,7.7,0.92,0.67,3.5,,
377,110899.0,15cm-30cm,7.8,0.98,0.7,4.6,,
378,110900.0,1cm-15cm,7.7,0.89,0.65,4.5,,
379,110900.0,15cm-30cm,7.5,1.32,0.66,4.4,,
380,110902.0,1cm-15cm,7.7,1.15,0.79,4.5,,
381,110902.0,15cm-30cm,7.6,2.65,0.83,4.0,,
382,110903.0,1cm-15cm,7.5,1.08,0.78,4.2,,
383,110903.0,15cm-30cm,7.5,2.62,0.72,3.6,,
384,110904.0,1cm-15cm,7.6,1.17,0.88,4.0,,
385,110904.0,15cm-30cm,7.7,1.11,0.72,3.8,,
386,110905.0,1cm-15cm,7.9,0.81,0.78,3.6,,
387,110905.0,15cm-30cm,7.8,1.09,0.67,3.0,,
388,110983.0,1cm-15cm,7.8,1.25,0.83,3.6,,
389,110983.0,15cm-30cm,7.7,1.65,0.78,5.4,,
390,110984.0,1cm-15cm,7.7,1.0,0.98,5.6,,
391,110984.0,15cm-30cm,7.8,1.52,0.88,5.0,,
392,110986.0,1cm-15cm,7.6,2.2,0.86,5.1,,
393,110986.0,15cm-30cm,7.7,1.42,0.76,5.6,,
394,110987.0,1cm-15cm,7.8,1.11,0.81,5.4,,
395,110987.0,15cm-30cm,7.7,0.86,0.78,5.0,,
396,110988.0,1cm-15cm,7.7,1.2,0.83,5.1,,
397,110988.0,15cm-30cm,7.7,0.88,0.83,4.8,,
398,110989.0,1cm-15cm,7.8,1.22,0.78,4.1,,
399,110989.0,15cm-30cm,7.7,1.15,0.88,4.2,,
400,110990.0,1cm-15cm,7.7,0.98,0.72,3.6,,
401,110990.0,15cm-30cm,7.7,2.0,0.67,3.4,,
402,110991.0,1cm-15cm,7.7,1.08,0.62,3.5,,
403,110991.0,15cm-30cm,7.5,1.06,0.57,3.0,,
404,110992.0,1cm-15cm,7.6,1.68,0.67,3.7,,
405,110992.0,15cm-30cm,7.7,1.18,0.57,3.0,,
406,110993.0,1cm-15cm,7.6,0.83,0.52,3.1,,
407,110993.0,15cm-30cm,7.7,1.1,0.47,3.0,,
408,110994.0,1cm-15cm,7.6,1.0,0.47,3.6,,
409,110994.0,15cm-30cm,7.5,2.08,0.5,5.2,,
410,110995.0,1cm-15cm,7.8,1.09,0.63,5.5,,
411,110995.0,15cm-30cm,7.7,1.67,0.66,5.8,,
412,111021.0,1cm-15cm,7.6,1.9,0.45,5.1,,
413,111021.0,15cm-30cm,7.7,1.63,0.5,4.5,,
414,111023.0,1cm-15cm,7.6,1.47,0.71,5.2,,
415,111023.0,15cm-30cm,7.6,2.18,0.75,5.4,,
416,111024.0,1cm-15cm,7.7,1.93,0.78,5.6,,
417,111024.0,15cm-30cm,7.6,1.59,0.83,5.0,,
418,123570.0,1cm-15cm,7.6,1.96,0.78,4.8,,
419,123570.0,15cm-30cm,7.7,1.36,0.67,4.0,,
420,123571.0,1cm-15cm,7.6,1.03,0.88,4.6,,
421,123571.0,15cm-30cm,7.8,0.79,0.75,4.8,,
422,123572.0,1cm-15cm,7.7,0.74,1.03,4.8,,
423,123572.0,15cm-30cm,7.7,0.79,1.09,5.4,,
424,123573.0,1cm-15cm,7.5,1.0,0.98,5.0,,
425,123573.0,15cm-30cm,7.6,1.38,0.88,4.5,,
426,123574.0,1cm-15cm,7.7,0.96,0.6,4.6,,
427,123574.0,15cm-30cm,7.8,0.98,0.65,5.6,,
428,123575.0,1cm-15cm,7.7,0.88,0.53,5.0,,
429,123575.0,15cm-30cm,7.6,1.72,0.57,4.2,,
430,123576.0,1cm-15cm,7.4,1.68,0.52,4.1,,
431,123576.0,15cm-30cm,7.7,1.14,0.47,3.6,,
432,123577.0,1cm-15cm,7.6,2.7,0.41,3.1,,
433,123577.0,15cm-30cm,7.6,0.9,0.78,3.8,,
434,123578.0,1cm-15cm,7.5,0.75,0.67,3.6,,
435,123578.0,15cm-30cm,7.6,1.23,0.72,3.1,,
436,123579.0,1cm-15cm,7.7,1.1,0.78,3.4,,
437,123579.0,15cm-30cm,7.7,1.0,0.52,3.6,,
438,123580.0,1cm-15cm,7.8,0.79,0.57,3.1,,
439,123580.0,15cm-30cm,7.7,1.0,0.47,3.6,,
440,123918.0,1cm-15cm,7.8,0.97,0.41,3.2,,
441,123918.0,15cm-30cm,7.7,1.08,0.62,3.6,,
442,123919.0,1cm-15cm,7.8,1.17,0.52,3.5,,
443,123919.0,15cm-30cm,7.8,1.06,0.57,3.4,,
444,124074.0,1-15 cm,8.1,2.1,0.6,5.5,,
445,124074.0,15-30,8.0,2.0,0.6,5.0,,
446,124076.0,1-15 cm,8.2,0.61,0.5,6.5,,
447,124076.0,15-30,8.1,0.53,0.5,0.6,,
448,124075.0,1-15 cm,7.8,1.2,0.6,6.0,,
449,124075.0,15-30,7.8,1.25,0.55,6.0,,
450,124077.0,1-15 cm,8.0,2.36,0.6,5.0,,
451,124077.0,15-30,8.1,2.4,0.56,4.8,,
452,124070.0,1-15 cm,8.0,0.72,0.7,5.5,,
453,124070.0,15-30,8.1,0.64,0.65,5.0,,
454,124071.0,1-15 cm,7.7,0.6,0.65,5.5,,
455,124071.0,15-30,7.8,0.52,0.6,6.0,,
456,124035.0,1-15 cm,7.9,0.76,0.36,4.0,,
457,124035.0,15-30,7.9,0.66,0.4,4.6,,
458,124080.0,1-15 cm,8.1,1.75,0.5,5.0,,
459,124080.0,15-30,8.0,1.55,0.4,6.0,,
460,124069.0,1-15 cm,8.2,0.65,0.6,5.8,,
461,124069.0,15-30,8.2,0.55,0.5,6.0,,
462,124037.0,1-15 cm,7.9,0.83,0.52,5.5,,
463,124037.0,15-30,7.9,0.72,0.45,5.0,,
464,124066.0,1-15 cm,8.1,1.01,0.65,5.6,,
465,124066.0,15-30,8.0,0.94,0.6,6.0,,
466,124036.0,1-15 cm,7.7,0.83,0.4,6.4,,
467,124036.0,15-30,7.8,0.77,0.4,6.0,,
468,124122.0,1-15 cm,8.0,1.43,0.75,5.2,,
469,124122.0,15-30,8.0,1.3,0.67,5.0,,
470,124068.0,1-15 cm,7.8,0.88,0.65,6.0,,
471,124068.0,15-30,7.9,0.7,0.6,5.5,,
472,124073.0,1-15 cm,8.4,0.76,0.56,5.2,,
473,124073.0,15-30,8.3,0.81,0.5,5.2,,
474,124034.0,1-15 cm,7.9,1.03,0.35,4.4,,
475,124034.0,15-30,7.9,0.96,0.3,4.3,,
476,124165.0,1-15 cm,7.9,0.63,0.5,5.5,,
477,124165.0,15-30,7.8,0.55,0.43,5.0,,
478,124127.0,1-15 cm,7.7,0.98,0.47,5.3,,
479,124127.0,15-30,7.8,0.88,0.34,5.5,,
480,124049.0,1-15 cm,7.9,0.48,0.41,4.5,,
481,124049.0,15-30,7.8,0.34,0.4,5.0,,
482,124135.0,1-15 cm,7.9,1.02,0.57,5.1,,
483,124135.0,15-30,7.9,0.93,0.5,4.7,,
484,124019.0,1-15 cm,7.9,1.6,0.62,5.5,,
485,124019.0,15-30,7.8,1.31,0.55,5.0,,
486,124015.0,1-15 cm,7.9,1.14,0.48,4.2,,
487,124015.0,15-30,7.9,1.0,0.5,4.5,,
488,124897.0,1-15 cm,8.2,0.84,0.3,4.0,,
489,124897.0,15-30,8.2,0.7,0.45,3.6,,
490,124014.0,1-15 cm,7.8,1.72,0.6,5.2,,
491,124014.0,15-30,7.9,1.53,0.55,5.0,,
492,124050.0,1-15 cm,8.1,0.6,0.41,5.5,,
493,124050.0,15-30,8.0,0.55,0.4,5.2,,
494,124017.0,1-15 cm,7.9,1.92,0.6,5.0,,
495,124017.0,15-30,7.9,1.65,0.55,4.7,,
496,124048.0,1-15 cm,8.2,0.65,0.35,4.3,,
497,124048.0,15-30,8.1,0.54,0.3,4.0,,
498,124018.0,1-15 cm,7.8,1.05,0.54,5.5,,
499,124018.0,15-30,7.8,0.91,0.5,5.2,,
500,124047.0,1-15 cm,8.1,0.95,0.3,4.6,,
501,124047.0,15-30,8.1,0.88,0.35,4.4,,
502,124155.0,1-15 cm,7.9,0.6,0.68,5.0,,
503,124155.0,15-30,7.8,0.5,0.6,4.6,,
504,123905.0,1-15 cm,7.8,1.73,0.36,5.2,,
505,123905.0,15-30,7.7,1.43,0.33,5.0,,
506,124051.0,1-15 cm,8.1,0.82,0.35,5.0,,
507,124051.0,15-30,8.0,0.65,0.3,4.6,,
508,124085.0,1-15 cm,8.1,4.0,0.5,4.0,,
509,124085.0,15-30,8.1,3.9,0.4,3.5,,
510,124044.0,1-15 cm,8.2,0.82,0.48,5.0,,
511,124044.0,15-30,8.1,0.73,0.5,5.0,,
512,124046.0,1-15 cm,8.0,0.55,0.4,4.6,,
513,124046.0,15-30,8.1,0.5,0.32,4.0,,
514,123904.0,1-15 cm,7.8,0.92,0.4,8.1,,
515,123904.0,15-30,7.7,0.77,0.37,6.8,,
516,124128.0,1-15 cm,7.7,1.5,0.52,4.1,,
517,124128.0,15-30,7.8,1.3,0.45,3.8,,
518,124016.0,1-15 cm,7.8,1.55,0.45,4.5,,
519,124016.0,15-30,7.9,1.35,0.4,4.0,,
520,124124.0,1-15 cm,7.9,1.77,0.63,5.4,,
521,124124.0,15-30,7.9,1.7,0.6,5.0,,
522,124119.0,1-15 cm,7.9,1.32,0.7,5.4,,
523,124119.0,15-30,7.8,1.1,0.66,5.0,,
524,124261.0,1-15 cm,8.1,1.03,0.6,4.8,,
525,124261.0,15-30,8.0,1.23,0.58,4.0,,
526,124259.0,1-15 cm,8.1,1.54,0.7,5.8,,
527,124259.0,15-30,7.8,1.4,0.5,6.0,,
528,124258.0,1-15 cm,7.9,0.88,0.43,5.5,,
529,124258.0,15-30,7.9,0.8,0.4,5.0,,
530,124118.0,1-15 cm,8.0,1.01,0.76,4.5,,
531,124118.0,15-30,7.9,0.93,0.7,4.0,,
532,124260.0,1-15 cm,7.7,1.15,0.5,4.2,,
533,124260.0,15-30,7.5,1.02,0.44,3.9,,
534,124120.0,1-15 cm,7.6,0.93,0.8,5.4,,
535,124120.0,15-30,7.5,1.04,0.6,5.1,,
536,124121.0,1-15 cm,8.0,1.1,0.6,4.6,,
537,124121.0,15-30,8.1,0.92,5.3,4.1,,
538,124072.0,1-15 cm,7.7,0.75,0.4,5.0,,
539,124072.0,15-30,7.4,0.55,0.5,4.3,,
540,124147.0,1-15 cm,8.1,0.71,0.67,5.6,,
541,124147.0,15-30,8.0,0.82,0.6,5.0,,
542,124146.0,1-15 cm,7.9,0.71,0.62,5.2,,
543,124146.0,15-30,7.8,0.6,0.54,5.0,,
544,124039.0,1-15cm,8.0,0.65,4.3,4.2,,
545,124039.0,15-30,7.9,0.83,0.26,4.0,,
546,124255.0,1-15cm,7.9,1.02,0.54,5.2,,
547,124255.0,15-30,7.8,1.4,0.5,4.7,,
548,124257.0,1-15cm,7.9,1.23,0.7,5.0,,
549,124257.0,15-30,7.7,1.01,0.64,5.0,,
550,124090.0,1-15cm,8.1,0.54,0.82,6.1,,
551,124090.0,15-30,8.0,0.34,0.8,5.5,,
552,124092.0,1-15cm,8.1,0.85,0.6,7.4,,
553,124092.0,15-30,8.1,0.55,0.55,5.5,,
554,124093.0,1-15cm,8.1,0.88,0.6,6.0,,
555,124093.0,15-30,8.0,0.62,0.72,5.3,,
556,110749.0,1-15cm,7.9,1.3,0.5,6.0,,
557,110749.0,15-30,7.9,0.92,0.49,5.5,,
558,124013.0,1-15cm,7.9,1.2,0.5,4.1,,
559,124013.0,15-30,7.6,0.92,0.5,4.0,,
560,124041.0,1-15cm,7.8,1.1,0.4,4.9,,
561,124041.0,15-30,7.7,0.95,0.38,4.0,,
562,123930.0,1cm-15cm,7.6,1.09,0.88,5.0,,June-2021
563,123930.0,15cm-30cm,7.7,1.01,0.91,5.1,,June-2021
564,123931.0,1cm-15cm,7.7,0.94,0.62,5.5,,June-2021
565,123931.0,15cm-30cm,7.7,0.96,0.67,5.3,,June-2021
566,123932.0,1cm-15cm,7.5,1.22,0.72,5.1,,June-2021
567,123932.0,15cm-30cm,7.5,0.96,0.57,4.7,,June-2021
568,123933.0,1cm-15cm,7.8,1.09,0.56,5.5,,June-2021
569,123933.0,15cm-30cm,7.8,1.0,0.6,5.3,,June-2021
570,123935.0,1cm-15cm,7.5,1.01,0.7,5.1,,June-2021
571,123935.0,15cm-30cm,7.6,0.93,0.62,5.5,,June-2021
572,123936.0,1cm-15cm,7.7,0.93,0.63,5.5,,June-2021
573,123936.0,15cm-30cm,7.6,0.73,0.53,5.6,,June-2021
574,123937.0,1cm-15cm,7.8,0.75,0.51,6.2,,June-2021
575,123937.0,15cm-30cm,7.7,0.93,0.5,6.5,,June-2021
576,123938.0,1cm-15cm,7.8,1.93,0.5,5.5,,June-2021
577,123938.0,15cm-30cm,7.8,1.74,0.43,5.0,,June-2021
578,123939.0,1cm-15cm,7.7,1.21,0.72,5.2,,June-2021
579,123939.0,15cm-30cm,7.6,1.1,0.64,5.5,,June-2021
580,123940.0,1cm-15cm,7.6,1.03,0.55,4.8,,June-2021
581,123940.0,15cm-30cm,7.6,0.97,0.52,5.1,,June-2021
582,123941.0,1cm-15cm,7.6,1.12,0.6,5.1,,June-2021
583,123941.0,15cm-30cm,7.7,0.98,0.57,5.4,,June-2021
584,123950.0,1cm-15cm,7.7,1.02,0.61,5.2,,June-2021
585,123950.0,15cm-30cm,7.6,0.97,0.6,5.5,,June-2021
586,123951.0,1cm-15cm,7.8,0.93,0.61,5.6,,June-2021
587,123951.0,15cm-30cm,7.7,1.08,0.63,5.4,,June-2021
588,123953.0,1cm-15cm,7.7,0.91,0.43,5.2,,June-2021
589,123953.0,15cm-30cm,7.6,0.88,0.51,5.0,,June-2021
590,123956.0,1cm-15cm,7.7,1.01,0.48,5.2,,June-2021
591,123956.0,15cm-30cm,7.6,0.8,0.51,5.0,,June-2021
592,123957.0,1cm-15cm,7.8,0.82,0.57,4.6,,June-2021
593,123957.0,15cm-30cm,7.7,0.61,0.55,4.5,,June-2021
594,123959.0,1cm-15cm,7.8,0.431,0.63,5.2,,June-2021
595,123959.0,15cm-30cm,7.9,0.45,0.5,5.5,,June-2021
596,123961.0,1cm-15cm,7.8,1.12,0.31,4.4,,June-2021
597,123961.0,15cm-30cm,7.7,1.29,0.3,4.5,,June-2021
598,123962.0,1cm-15cm,7.8,0.9,0.59,5.0,,June-2021
599,123962.0,15cm-30cm,7.8,0.93,0.61,5.2,,June-2021
600,123963.0,1cm-15cm,7.8,0.96,0.52,5.5,,June-2021
601,123963.0,15cm-30cm,7.8,1.14,0.54,5.0,,June-2021
602,123964.0,1cm-15cm,7.7,1.12,0.55,4.6,,June-2021
603,123964.0,15cm-30cm,7.6,1.21,0.5,4.1,,June-2021
604,123965.0,1cm-15cm,7.7,0.32,0.61,4.5,,June-2021
605,123965.0,15cm-30cm,7.7,0.351,0.6,4.7,,June-2021
606,123922.0,1cm-15cm,7.6,1.13,0.34,4.3,,June-2021
607,123922.0,15cm-30cm,7.6,1.41,0.41,4.5,,June-2021
608,123923.0,1cm-15cm,7.8,0.98,0.72,4.9,,June-2021
609,123923.0,15cm-30cm,7.7,1.25,0.67,5.1,,June-2021
610,123924.0,1cm-15cm,7.6,1.14,0.62,4.8,,June-2021
611,123924.0,15cm-30cm,7.7,1.67,0.52,5.0,,June-2021
612,123925.0,1cm-15cm,7.7,1.62,0.67,4.8,,June-2021
613,123925.0,15cm-30cm,7.8,0.83,0.6,4.2,,June-2021
614,123918.0,1cm-15cm,7.7,0.71,0.57,5.2,,June-2021
615,123918.0,15cm-30cm,7.7,0.96,0.56,5.5,,June-2021
616,123919.0,1cm-15cm,7.8,0.85,0.78,5.2,,June-2021
617,123919.0,15cm-30cm,7.7,0.89,0.72,5.3,,June-2021
618,123920.0,1cm-15cm,7.8,0.91,0.62,5.6,,June-2021
619,123920.0,15cm-30cm,7.8,0.81,0.26,4.0,,June-2021
620,123921.0,1cm-15cm,7.7,0.96,0.21,4.2,,June-2021
621,123921.0,15cm-30cm,7.7,1.23,0.36,4.1,,June-2021
622,123922.0,1cm-15cm,7.6,1.68,0.26,4.2,,June-2021
623,123922.0,15cm-30cm,7.7,0.94,0.52,5.0,,June-2021
624,123923.0,1cm-15cm,7.6,1.6,0.57,4.2,,June-2021
625,123923.0,15cm-30cm,7.6,1.76,0.52,4.6,,June-2021
626,123924.0,1cm-15cm,7.7,1.95,0.47,4.8,,June-2021
627,123924.0,15cm-30cm,7.7,1.69,0.57,5.8,,June-2021
628,123925.0,1cm-15cm,7.6,1.5,0.62,4.8,,June-2021
629,123925.0,15cm-30cm,7.6,2.26,0.6,4.5,,June-2021
630,123930.0,1cm-15cm,7.7,1.95,0.54,4.6,,June-2021
631,123930.0,15cm-30cm,7.7,0.93,0.55,4.9,,June-2021
632,123931.0,1cm-15cm,7.6,1.01,0.5,5.0,,June-2021
633,123931.0,15cm-30cm,7.7,2.07,0.52,4.2,,June-2021
634,123932.0,1cm-15cm,7.7,2.17,0.57,4.5,,June-2021
635,123932.0,15cm-30cm,7.7,1.16,0.55,4.2,,June-2021
636,123933.0,1cm-15cm,7.6,1.29,0.48,4.0,,June-2021
637,123933.0,15cm-30cm,7.7,2.46,0.51,4.1,,June-2021
638,123934.0,1cm-15cm,7.5,0.85,0.5,4.2,,June-2021
639,123934.0,15cm-30cm,7.5,0.67,0.52,5.0,,June-2021
640,123935.0,1cm-15cm,7.7,0.44,0.57,5.2,,June-2021
641,123935.0,15cm-30cm,7.6,0.53,0.41,5.4,,June-2021
642,123936.0,1cm-15cm,7.9,1.13,0.47,4.9,,June-2021
643,123936.0,15cm-30cm,7.8,1.08,0.64,4.0,,June-2021
644,123938.0,1cm-15cm,7.7,0.98,0.6,4.2,,June-2021
645,123938.0,15cm-30cm,7.7,0.85,0.58,4.3,,June-2021
646,123937.0,1cm-15cm,7.8,1.02,0.4,4.6,,June-2021
647,123937.0,15cm-30cm,7.8,0.86,0.41,4.2,,June-2021
648,123939.0,1cm-15cm,7.9,0.82,0.43,4.3,,June-2021
649,123939.0,15cm-30cm,7.8,1.55,0.44,4.5,,June-2021
650,123941.0,1cm-15cm,7.7,1.01,0.5,4.6,,June-2021
651,123941.0,15cm-30cm,7.8,0.96,0.52,5.0,,June-2021
652,123940.0,1cm-15cm,7.9,1.05,0.49,5.2,,June-2021
653,123940.0,15cm-30cm,7.9,0.86,0.52,4.8,,June-2021
654,123950.0,1cm-15cm,7.9,0.96,0.57,4.6,,June-2021
655,123950.0,15cm-30cm,7.8,1.72,0.6,4.4,,June-2021
656,123953.0,1cm-15cm,7.6,1.14,0.5,4.2,,June-2021
657,123953.0,15cm-30cm,7.7,1.72,0.52,4.5,,June-2021
658,123951.0,1cm-15cm,7.8,1.88,0.62,4.6,,June-2021
659,123951.0,15cm-30cm,7.8,1.05,0.61,5.2,,June-2021
660,123954.0,1cm-15cm,7.8,1.35,0.62,5.2,,June-2021
661,123954.0,15cm-30cm,7.8,2.08,0.65,6.7,,June-2021
662,123956.0,1cm-15cm,7.9,1.5,0.81,6.5,,June-2021
663,123956.0,15cm-30cm,7.9,1.1,0.78,8.8,,June-2021
664,123955.0,1cm-15cm,7.6,1.01,0.62,7.6,,June-2021
665,123955.0,15cm-30cm,7.6,0.81,0.6,6.4,,June-2021
666,123957.0,1cm-15cm,7.7,0.6,0.87,8.5,,June-2021
667,123957.0,15cm-30cm,7.8,0.5,0.85,11.8,,June-2021
668,123959.0,1cm-15cm,7.9,0.56,0.66,5.5,,June-2021
669,123959.0,15cm-30cm,7.9,0.68,0.64,5.4,,June-2021
670,123958.0,1cm-15cm,7.9,0.65,0.62,4.9,,June-2021
671,123958.0,15cm-30cm,7.9,0.65,0.6,4.6,,June-2021
672,124218.0,1cm-15cm,7.9,0.345,0.62,8.2,,June-2021
673,124218.0,15cm-30cm,7.9,0.361,0.6,7.5,,June-2021
674,110996.0,1cm-15cm,8.0,0.271,0.62,5.5,,June-2021
675,110996.0,15cm-30cm,7.9,0.282,0.6,5.0,,June-2021
676,110669.0,1cm-15cm,8.0,0.18,0.6,6.3,,June-2021
677,110669.0,15cm-30cm,8.0,0.19,0.6,6.6,,June-2021
678,124191.0,1cm-15cm,7.9,0.409,1,9.0,,June-2021
679,124191.0,15cm-30cm,7.8,0.45,0.98,8.4,,June-2021
680,124192.0,1cm-15cm,7.7,0.324,0.74,6.6,,June-2021
681,124192.0,15cm-30cm,7.7,0.351,0.7,6.8,,June-2021
682,123973.0,1cm-15cm,7.8,0.249,0.69,5.6,,June-2021
683,123973.0,15cm-30cm,7.7,0.262,0.7,6.1,,June-2021
684,110890.0,1cm-15cm,7.7,0.285,0.58,5.3,,June-2021
685,110890.0,15cm-30cm,7.7,0.3,0.55,5.0,,June-2021
686,110887.0,1cm-15cm,7.8,0.396,0.87,7.5,,June-2021
687,110887.0,15cm-30cm,7.7,0.401,0.9,6.0,,June-2021
688,123678.0,1cm-15cm,7.6,0.44,0.35,5.5,,June-2021
689,123678.0,15cm-30cm,7.5,0.46,0.3,5.0,,June-2021
690,123983.0,1cm-15cm,7.9,0.525,0.7,4.3,,June-2021
691,123983.0,15cm-30cm,8.0,0.55,0.7,5.0,,June-2021
692,123004.0,1cm-15cm,7.3,0.546,1.01,8.5,,June-2021
693,123004.0,15cm-30cm,7.3,0.551,1,8.0,,June-2021
694,123960.0,1cm-15cm,7.9,0.554,0.46,5.2,,June-2021
695,123960.0,15cm-30cm,8.0,0.52,0.49,5.0,,June-2021
696,123684.0,1cm-15cm,7.7,0.735,0.9,7.2,,June-2021
697,123684.0,15cm-30cm,7.7,0.614,0.94,7.0,,June-2021
698,124231.0,1cm-15cm,8.0,0.408,0.64,5.5,,June-2021
699,124231.0,15cm-30cm,8.1,0.315,0.6,5.0,,June-2021
700,110897.0,1cm-15cm,8.0,0.23,0.54,5.7,,June-2021
701,110897.0,15cm-30cm,8.0,0.125,0.5,6.0,,June-2021
702,110864.0,1cm-15cm,8.1,0.21,0.43,4.3,,June-2021
703,110864.0,15cm-30cm,8.0,0.185,0.4,4.4,,June-2021
704,123684.0,1cm-15cm,7.7,0.35,0.5,4.6,,June-2021
705,123684.0,15cm-30cm,7.7,0.31,0.47,4.5,,June-2021
706,123967.0,1cm-15cm,8.0,0.515,0.6,7.2,,June-2021
707,123967.0,15cm-30cm,8.1,0.466,0.58,5.6,,June-2021
708,123968.0,1cm-15cm,7.8,0.99,0.47,5.8,,June-2021
709,123968.0,15cm-30cm,7.7,0.83,0.45,5.5,,June-2021
710,123967.0,1cm-15cm,7.8,0.56,0.54,6.2,,June-2021
711,123967.0,15cm-30cm,7.9,0.61,0.55,6.1,,June-2021
712,123969.0,1cm-15cm,8.2,0.34,0.38,5.0,,June-2021
713,123969.0,15cm-30cm,8.0,0.35,0.3,4.7,,June-2021
714,123975.0,1cm-15cm,7.7,0.63,0.47,4.8,,June-2021
715,123975.0,15cm-30cm,7.8,0.52,0.4,4.5,,June-2021
716,123974.0,1cm-15cm,7.7,0.91,0.61,5.2,,June-2021
717,123974.0,15cm-30cm,7.7,0.76,0.56,5.4,,June-2021
718,123976.0,1cm-15cm,7.6,0.96,0.67,5.5,,June-2021
719,123976.0,15cm-30cm,7.7,0.87,0.62,5.3,,June-2021
720,123978.0,1cm-15cm,7.7,0.89,0.72,5.3,,June-2021
721,123978.0,15cm-30cm,7.6,0.64,0.62,5.6,,June-2021
722,123977.0,1cm-15cm,7.5,0.81,0.26,4.0,,June-2021
723,123977.0,15cm-30cm,7.5,0.96,0.21,4.2,,June-2021
724,123979.0,1cm-15cm,7.6,0.86,0.36,4.1,,June-2021
725,123979.0,15cm-30cm,7.7,0.95,0.26,4.2,,June-2021
726,123981.0,1cm-15cm,7.6,0.94,0.52,5.0,,June-2021
727,123981.0,15cm-30cm,7.6,0.65,0.57,4.2,,June-2021
728,123980.0,1cm-15cm,7.7,0.6,0.52,4.6,,June-2021
729,123980.0,15cm-30cm,7.7,0.56,0.47,4.8,,June-2021
730,123981.0,1cm-15cm,7.6,0.9,0.57,5.8,,June-2021
731,123981.0,15cm-30cm,7.6,1.01,0.62,4.8,,June-2021
732,123982.0,1cm-15cm,7.7,1.01,0.72,4.5,,June-2021
733,123982.0,15cm-30cm,7.7,0.97,0.67,4.6,,June-2021
734,123984.0,1cm-15cm,7.6,0.93,0.47,4.9,,June-2021
735,123984.0,15cm-30cm,7.7,1.01,0.41,5.0,,June-2021
736,123986.0,1cm-15cm,7.7,1.5,0.52,4.2,,June-2021
737,123986.0,15cm-30cm,7.7,1.03,0.57,4.5,,June-2021
738,123985.0,1cm-15cm,7.6,0.84,0.26,4.2,,June-2021
739,123985.0,15cm-30cm,7.7,0.92,0.41,4.0,,June-2021
740,123987.0,1cm-15cm,7.6,1.02,0.36,4.1,,June-2021
741,123987.0,15cm-30cm,7.7,1.1,0.21,4.2,,June-2021
742,123989.0,1cm-15cm,7.6,1.05,0.52,5.0,,June-2021
743,123989.0,15cm-30cm,7.6,0.98,0.57,5.2,,June-2021
744,123988.0,1cm-15cm,7.9,1.21,0.41,5.4,,June-2021
745,123988.0,15cm-30cm,7.5,1.13,0.47,4.9,,June-2021
746,123990.0,1cm-15cm,7.7,1.08,0.26,4.0,,June-2021
747,123990.0,15cm-30cm,7.7,0.98,0.21,4.2,,June-2021
748,123998.0,1cm-15cm,7.6,0.85,0.31,4.3,,June-2021
749,123998.0,15cm-30cm,7.6,1.02,0.36,4.6,,June-2021
750,123992.0,1cm-15cm,7.5,0.86,0.31,4.2,,June-2021
751,123992.0,15cm-30cm,7.5,0.82,0.41,4.3,,June-2021
752,123999.0,1cm-15cm,7.5,1.55,0.31,4.5,,June-2021
753,123999.0,15cm-30cm,7.6,1.01,0.26,4.6,,June-2021
754,124001.0,1cm-15cm,7.9,0.96,0.52,5.0,,June-2021
755,124001.0,15cm-30cm,7.8,1.05,0.47,5.2,,June-2021
756,124000.0,1cm-15cm,7.9,0.86,0.52,4.8,,June-2021
757,124000.0,15cm-30cm,7.8,0.96,0.57,4.6,,June-2021
758,124002.0,1cm-15cm,7.6,1.72,0.78,4.4,,June-2021
759,124002.0,15cm-30cm,7.7,1.14,0.93,4.2,,June-2021
760,124004.0,1cm-15cm,7.8,1.72,0.52,4.5,,June-2021
761,124004.0,15cm-30cm,7.7,1.88,0.62,4.6,,June-2021
762,124003.0,1cm-15cm,7.8,1.05,0.78,5.2,,June-2021
763,124003.0,15cm-30cm,7.8,1.35,0.62,5.2,,June-2021
764,124005.0,1cm-15cm,7.9,0.96,0.78,4.4,,June-2021
765,124005.0,15cm-30cm,7.9,0.76,0.6,6.5,,June-2021
766,124007.0,1cm-15cm,7.6,1.1,0.53,8.8,,June-2021
767,124007.0,15cm-30cm,7.6,1.01,0.62,4.9,,June-2021
768,124006.0,1cm-15cm,7.7,0.81,0.81,6.4,,June-2021
769,124006.0,15cm-30cm,7.8,0.6,0.7,7.2,23-08-2021,June-2021
770,122963.0,1cm-15cm,7.9,0.35,0.5,7.0,23-08-2021,June-2021
771,122963.0,15cm-30cm,8.0,0.31,0.5,7.2,23-08-2021,June-2021
772,122630.0,1cm-15cm,8.0,0.32,0.4,6.0,23-08-2021,June-2021
773,122630.0,15cm-30cm,8.0,0.28,0.5,6.2,23-08-2021,June-2021
774,122746.0,1cm-15cm,7.9,0.35,0.6,8.3,23-08-2021,June-2021
775,122746.0,15cm-30cm,7.9,0.31,0.59,8.0,23-08-2021,June-2021
776,122964.0,1cm-15cm,7.7,0.52,0.62,8.5,23-08-2021,June-2021
777,122964.0,15cm-30cm,7.6,0.49,0.6,8.0,23-08-2021,June-2021
778,122947.0,1cm-15cm,7.5,0.29,0.35,6.2,23-08-2021,June-2021
779,122947.0,15cm-30cm,7.5,0.21,0.3,6.0,23-08-2021,June-2021
780,122937.0,1cm-15cm,7.9,0.33,0.5,5.7,23-08-2021,June-2021
781,122937.0,15cm-30cm,7.8,0.36,0.5,5.4,23-08-2021,June-2021
782,122753.0,1cm-15cm,7.8,0.53,0.52,6.8,23-08-2021,June-2021
783,122753.0,15cm-30cm,7.9,0.77,0.5,8.0,23-08-2021,June-2021
784,122939.0,1cm-15cm,7.8,0.31,0.47,8.5,23-08-2021,June-2021
785,122939.0,15cm-30cm,7.8,0.32,0.5,8.4,23-08-2021,June-2021
786,122936.0,1cm-15cm,7.7,0.28,0.55,10.2,23-08-2021,June-2021
787,122936.0,15cm-30cm,7.6,0.26,0.5,10.0,23-08-2021,June-2021
788,123044.0,1cm-15cm,7.6,0.21,0.41,8.2,23-08-2021,June-2021
789,123044.0,15cm-30cm,7.6,0.22,0.43,8.4,23-08-2021,June-2021
790,124188.0,1cm-15cm,8.1,0.85,0.57,6.6,23-08-2021,June-2021
791,124188.0,15cm-30cm,8.2,0.77,0.63,6.4,23-08-2021,June-2021
792,124220.0,1cm-15cm,8.1,0.69,0.43,6.0,23-08-2021,June-2021
793,124220.0,15cm-30cm,8.1,0.65,0.47,6.3,23-08-2021,June-2021
794,110872.0,1cm-15cm,8.2,0.23,0.52,5.5,23-08-2021,June-2021
795,110872.0,15cm-30cm,8.2,0.21,0.5,5.0,23-08-2021,June-2021
796,123983.0,1cm-15cm,7.9,0.582,0.63,10.2,23-08-2021,June-2021
797,123983.0,15cm-30cm,7.9,0.59,0.62,9.7,23-08-2021,June-2021
798,124007.0,1cm-15cm,8.1,0.63,0.57,8.5,23-08-2021,June-2021
799,124007.0,15cm-30cm,8.2,0.61,0.54,8.2,23-08-2021,June-2021
800,123696.0,1cm-15cm,8.0,0.63,0.62,8.2,23-08-2021,June-2021
801,123696.0,15cm-30cm,8.0,0.75,0.6,8.0,23-08-2021,June-2021
802,123724.0,1cm-15cm,8.0,0.43,0.57,6.8,23-08-2021,June-2021
803,123724.0,15cm-30cm,8.0,0.38,0.55,6.0,23-08-2021,June-2021
804,123714.0,1cm-15cm,8.3,0.24,0.43,5.5,23-08-2021,June-2021
805,123714.0,15cm-30cm,8.2,0.31,0.41,6.0,23-08-2021,June-2021
806,123045.0,1cm-15cm,8.1,0.18,0.47,5.2,23-08-2021,June-2021
807,123045.0,15cm-30cm,8.1,0.19,0.45,5.0,23-08-2021,June-2021
808,122761.0,1cm-15cm,7.9,1.93,0.52,6.6,23-08-2021,June-2021
809,122761.0,15cm-30cm,7.9,1.9,0.5,6.1,23-08-2021,June-2021
810,122847.0,1cm-15cm,8.2,0.58,0.45,5.5,23-08-2021,June-2021
811,122847.0,15cm-30cm,8.2,0.57,0.44,5.0,23-08-2021,June-2021
812,122934.0,1cm-15cm,7.5,1.98,0.41,8.4,23-08-2021,June-2021
813,122934.0,15cm-30cm,7.5,1.8,0.4,8.0,23-08-2021,June-2021
814,122790.0,1cm-15cm,7.7,1.5,0.43,6.0,23-08-2021,June-2021
815,122790.0,15cm-30cm,7.7,1.47,0.47,3.5,23-08-2021,June-2021
816,123064.0,1cm-15cm,8.3,0.16,0.35,6.5,23-08-2021,June-2021
817,123064.0,15cm-30cm,8.2,0.17,0.38,6.2,23-08-2021,June-2021
818,122879.0,1cm-15cm,7.8,0.81,0.54,5.5,23-08-2021,June-2021
819,122879.0,15cm-30cm,7.8,0.93,0.51,5.0,.,June-2021
820,122792.0,1cm-15cm,8.0,0.58,0.4,7.4,.,June-2021
821,122792.0,15cm-30cm,8.0,0.56,0.38,7.0,.,June-2021
822,122922.0,1cm-15cm,8.2,0.54,0.48,5.0,.,June-2021
823,122922.0,15cm-30cm,8.1,0.47,0.47,4.5,.,June-2021
824,122906.0,1cm-15cm,7.4,2.1,0.84,6.3,.,June-2021
825,122906.0,15cm-30cm,7.4,2.0,0.77,5.5,.,June-2021
826,122907.0,1cm-15cm,7.5,2.5,0.65,8.0,.,June-2021
827,122907.0,15cm-30cm,7.5,2.3,0.69,7.5,.,June-2021
828,122911.0,1cm-15cm,7.9,0.63,0.55,6.5,.,June-2021
829,122911.0,15cm-30cm,7.9,0.61,0.52,7.0,.,June-2021
830,122941.0,1cm-15cm,7.9,0.35,0.62,8.8,.,June-2021
831,122941.0,15cm-30cm,7.9,0.31,0.6,8.5,.,June-2021
832,122936.0,1cm-15cm,8.3,0.25,0.43,5.5,.,June-2021
833,122936.0,15cm-30cm,8.3,0.23,0.4,5.0,.,June-2021
834,123045.0,1cm-15cm,8.4,0.12,0.31,4.4,.,June-2021
835,123045.0,15cm-30cm,8.3,0.18,0.26,4.0,.,June-2021
836,122938.0,1cm-15cm,7.6,0.78,0.41,6.1,.,June-2021
837,122938.0,15cm-30cm,7.6,0.73,0.4,5.5,.,June-2021
838,122741.0,1cm-15cm,7.7,0.24,0.31,3.5,.,June-2021
839,122741.0,15cm-30cm,7.7,0.25,0.3,3.2,.,June-2021
840,122934.0,1cm-15cm,7.9,0.84,0.28,3.0,.,June-2021
841,122934.0,15cm-30cm,7.9,0.8,0.28,3.5,.,June-2021
842,122935.0,1cm-15cm,8.1,0.43,0.2,3.7,.,June-2021
843,122935.0,15cm-30cm,8.1,0.41,0.19,4.0,.,June-2021
844,122737.0,1cm-15cm,8.2,0.23,0.24,3.2,.,June-2021
845,122737.0,15cm-30cm,8.2,0.26,0.35,3.5,.,June-2021
846,122938.0,1cm-15cm,8.1,0.14,0.48,3.6,.,June-2021
847,122938.0,15cm-30cm,8.1,0.15,0.41,3.8,.,June-2021
848,123944.0,1cm-15cm,8.0,0.49,0.4,3.2,.,June-2021
849,123944.0,15cm-30cm,8.0,0.45,0.39,3.0,.,June-2021
850,123941.0,1cm-15cm,7.8,0.34,0.3,4.0,.,June-2021
851,122941.0,15cm-30cm,7.8,0.32,0.29,3.5,.,June-2021
852,123369.0,1cm-15cm,8.2,0.69,0.32,3.0,.,June-2021
853,123369.0,15cm-30cm,8.2,0.54,0.3,3.1,.,June-2021
854,123098.0,1cm-15cm,7.6,4.1,0.29,3.2,.,June-2021
855,123098.0,15cm-30cm,7.7,4.0,0.25,3.3,.,June-2021
856,123944.0,1cm-15cm,8.0,0.86,0.26,3.0,.,June-2021
857,123944.0,15cm-30cm,8.0,0.83,0.24,3.5,.,June-2021
858,123356.0,1cm-15cm,7.9,0.17,0.26,4.5,.,June-2021
859,123356.0,15cm-30cm,7.9,0.15,0.2,3.5,.,June-2021
860,123364.0,1cm-15cm,8.1,0.27,0.31,4.0,.,June-2021
861,123364.0,15cm-30cm,8.1,0.25,0.26,3.7,.,June-2021
862,123096.0,1cm-15cm,7.9,0.19,0.3,3.0,.,June-2021
863,123096.0,15cm-30cm,7.9,0.17,0.29,3.2,.,June-2021
864,123099.0,1cm-15cm,8.0,0.13,0.28,3.5,.,June-2021
865,123099.0,15cm-30cm,8.0,0.15,0.2,3.7,.,June-2021
866,123339.0,1cm-15cm,8.0,0.64,0.31,3.4,.,June-2021
867,123339.0,15cm-30cm,8.0,0.48,0.29,4.5,.,June-2021
868,123452.0,1cm-15cm,7.8,0.18,0.31,4.1,.,June-2021
869,123452.0,15cm-30cm,7.8,0.19,0.3,3.7,.,June-2021
870,123455.0,1cm-15cm,7.7,0.45,0.29,3.2,.,June-2021
871,123455.0,15cm-30cm,7.7,0.4,0.26,3.5,.,June-2021
872,124008.0,1cm-15cm,7.8,0.82,0.62,4.7,.,June-2021
873,124008.0,15cm-30cm,7.7,0.71,0.6,5.5,.,June-2021
874,124190.0,1cm-15cm,7.8,0.6,0.54,5.3,.,June-2021
875,124190.0,15cm-30cm,7.6,0.65,0.55,5.1,.,June-2021
876,124009.0,1cm-15cm,7.5,0.83,0.5,5.5,.,June-2021
877,124009.0,15cm-30cm,7.5,1.02,0.52,5.5,.,June-2021
878,124191.0,1cm-15cm,7.6,1.4,0.57,5.6,.,June-2021
879,124191.0,15cm-30cm,7.6,1.23,0.55,6.2,.,June-2021
880,124192.0,1cm-15cm,7.5,1.01,0.48,6.5,.,June-2021
881,124192.0,15cm-30cm,7.6,0.54,0.51,5.5,.,June-2021
882,124191.0,1cm-15cm,7.6,0.34,0.5,5.0,.,June-2021
883,124191.0,15cm-30cm,7.7,0.85,0.52,5.2,.,June-2021
884,124192.0,1cm-15cm,7.6,0.55,0.57,5.5,.,June-2021
885,124192.0,15cm-30cm,7.7,0.88,0.41,4.8,.,June-2021
886,124194.0,1cm-15cm,7.8,0.62,0.47,5.1,.,June-2021
887,124194.0,15cm-30cm,7.7,1.3,0.64,5.1,.,June-2021
888,124193.0,1cm-15cm,7.7,0.92,0.6,5.4,.,June-2021
889,124193.0,15cm-30cm,7.5,1.2,0.58,5.2,.,June-2021
890,124195.0,1cm-15cm,7.6,0.92,0.4,5.5,.,June-2021
891,124195.0,15cm-30cm,7.6,1.1,0.41,5.6,.,June-2021
892,124197.0,1cm-15cm,7.4,0.95,0.43,5.4,.,June-2021
893,124197.0,15cm-30cm,7.8,1.09,0.44,5.2,.,June-2021
894,124196.0,1cm-15cm,7.9,1.01,0.5,5.0,.,June-2021
895,124196.0,15cm-30cm,7.9,0.94,0.52,5.2,.,June-2021
896,124207.0,1cm-15cm,7.9,0.96,0.49,5.0,.,June-2021
897,124207.0,15cm-30cm,7.8,1.22,0.52,4.6,.,June-2021
898,124209.0,1cm-15cm,7.6,0.96,0.57,4.5,.,June-2021
899,124209.0,15cm-30cm,7.8,1.09,0.6,5.2,.,June-2021
900,124208.0,1cm-15cm,7.9,1.0,0.5,5.5,.,June-2021
901,124208.0,15cm-30cm,7.5,1.01,0.52,4.4,.,June-2021
902,124210.0,1cm-15cm,7.7,0.93,0.62,4.5,.,June-2021
903,124210.0,15cm-30cm,7.8,0.93,0.61,5.0,.,June-2021
904,124212.0,1cm-15cm,7.6,0.73,0.62,5.2,.,June-2021
905,124212.0,15cm-30cm,7.9,0.75,0.65,5.5,.,June-2021
906,124211.0,1cm-15cm,7.8,0.93,0.81,5.0,.,June-2021
907,124211.0,15cm-30cm,7.7,1.93,0.78,4.6,.,June-2021
908,124213.0,1cm-15cm,7.7,1.74,0.62,4.1,.,June-2021
909,124213.0,15cm-30cm,7.5,1.21,0.6,4.5,.,June-2021
910,124215.0,1cm-15cm,7.6,1.1,0.87,4.7,.,June-2021
911,124215.0,15cm-30cm,7.4,1.03,0.85,4.3,.,June-2021
912,124214.0,1cm-15cm,7.6,0.97,0.66,4.5,.,June-2021
913,124214.0,15cm-30cm,7.8,1.12,0.64,4.9,.,June-2021
914,124216.0,1cm-15cm,7.8,0.98,0.62,5.1,.,June-2021
915,124216.0,15cm-30cm,7.8,1.02,0.6,4.8,.,June-2021
916,124236.0,1cm-15cm,7.8,0.97,0.61,5.0,.,June-2021
917,124236.0,15cm-30cm,7.6,0.93,0.6,4.8,.,June-2021
918,124217.0,1cm-15cm,8.0,1.08,0.34,4.2,.,June-2021
919,124217.0,15cm-30cm,7.6,0.91,0.41,5.2,.,June-2021
920,124237.0,1cm-15cm,7.8,0.88,0.72,5.5,.,June-2021
921,124237.0,15cm-30cm,7.8,1.01,0.67,5.2,.,June-2021
922,124239.0,1cm-15cm,7.8,0.8,0.62,5.3,.,June-2021
923,124239.0,15cm-30cm,7.8,0.82,0.52,5.6,.,June-2021
924,124238.0,1cm-15cm,7.9,0.61,0.67,4.0,.,June-2021
925,124238.0,15cm-30cm,7.9,0.431,0.6,4.2,.,June-2021
926,124240.0,1cm-15cm,7.9,0.45,0.57,4.1,.,June-2021
927,124240.0,15cm-30cm,7.8,1.12,0.56,4.2,.,June-2021
928,110641.0,1cm-15cm,7.6,1.29,0.78,5.0,.,June-2021
929,110641.0,15cm-30cm,7.6,0.9,0.72,4.2,.,June-2021
930,124241.0,1cm-15cm,7.6,0.93,0.62,4.6,.,June-2021
931,124241.0,15cm-30cm,7.6,0.96,0.26,4.8,.,June-2021
932,110642.0,1cm-15cm,7.8,1.14,0.21,5.8,.,June-2021
933,110642.0,15cm-30cm,7.8,1.12,0.51,4.8,.,June-2021
934,110645.0,1cm-15cm,7.7,1.21,0.5,4.5,.,June-2021
935,110645.0,15cm-30cm,7.7,0.32,0.52,4.6,.,June-2021
936,110644.0,1cm-15cm,7.7,0.351,0.57,4.9,.,June-2021
937,110644.0,15cm-30cm,7.8,1.13,0.41,5.0,.,June-2021
938,110646.0,1cm-15cm,7.8,1.41,0.47,4.2,.,June-2021
939,110646.0,15cm-30cm,7.8,0.98,0.64,4.5,.,June-2021
940,110649.0,1cm-15cm,7.9,1.25,0.6,4.2,.,June-2021
941,110649.0,15cm-30cm,7.9,1.14,0.58,4.0,.,June-2021
942,110648.0,1cm-15cm,7.9,1.67,0.4,4.1,.,June-2021
943,110648.0,15cm-30cm,7.8,1.62,0.41,4.2,.,June-2021
944,110657.0,1cm-15cm,7.7,0.83,0.43,5.0,.,June-2021
945,110657.0,15cm-30cm,7.6,0.71,0.44,5.2,.,June-2021
946,110660.0,1cm-15cm,7.7,0.96,0.5,5.4,.,June-2021
947,110660.0,15cm-30cm,7.7,0.85,0.52,4.9,.,June-2021
948,110658.0,1cm-15cm,7.7,0.89,0.49,4.0,.,June-2021
949,110658.0,15cm-30cm,7.8,0.91,0.52,4.2,.,June-2021
950,110664.0,1cm-15cm,7.7,0.81,0.57,4.3,.,June-2021
951,110664.0,15cm-30cm,7.8,0.96,0.6,4.6,.,June-2021
952,110667.0,1cm-15cm,7.8,1.23,0.5,4.2,.,June-2021
953,110667.0,15cm-30cm,7.8,1.68,0.52,4.3,.,June-2021
954,110665.0,1cm-15cm,7.8,0.94,0.62,4.5,.,June-2021
955,110665.0,15cm-30cm,7.7,1.6,0.61,4.6,.,June-2021
956,110745.0,1cm-15cm,7.9,1.76,0.62,5.0,.,June-2021
957,110745.0,15cm-30cm,7.9,1.95,0.65,5.2,.,June-2021
958,110749.0,1cm-15cm,8.0,1.69,0.81,4.8,.,June-2021
959,110749.0,15cm-30cm,7.9,1.5,0.78,4.6,.,June-2021
960,110747.0,1cm-15cm,7.6,2.26,0.62,4.4,.,June-2021
961,110747.0,15cm-30cm,7.6,1.95,0.6,4.2,.,June-2021
962,110750.0,1cm-15cm,7.6,0.93,0.87,4.5,.,June-2021
963,110750.0,15cm-30cm,7.6,1.01,0.85,4.6,.,June-2021
964,110761.0,1cm-15cm,7.7,2.07,0.66,5.2,.,June-2021
965,110761.0,15cm-30cm,7.7,2.17,0.64,5.2,.,June-2021
966,110753.0,1cm-15cm,7.7,1.16,0.62,6.7,.,June-2021
967,110753.0,15cm-30cm,7.9,1.29,0.6,6.5,.,June-2021
968,110860.0,1cm-15cm,7.8,2.46,0.61,8.8,.,June-2021
969,110860.0,15cm-30cm,7.7,0.85,0.6,7.6,.,June-2021
970,110869.0,1cm-15cm,7.7,0.67,0.34,6.4,.,June-2021
971,110869.0,15cm-30cm,7.7,0.44,0.41,8.5,.,June-2021
972,110868.0,1cm-15cm,7.5,0.53,0.72,11.8,.,June-2021
973,110868.0,15cm-30cm,7.4,1.13,0.67,5.5,.,June-2021
974,110870.0,1cm-15cm,7.4,1.08,0.62,5.4,.,June-2021
975,110870.0,15cm-30cm,7.5,0.98,0.52,4.9,.,June-2021
976,110883.0,1cm-15cm,8.1,0.85,0.67,4.6,.,June-2021
977,110883.0,15cm-30cm,7.9,1.02,0.6,8.2,.,June-2021
978,110873.0,1cm-15cm,8.0,0.86,0.57,7.5,.,June-2021
979,110873.0,15cm-30cm,7.9,0.82,0.56,5.5,.,June-2021
980,111000.0,1cm-15cm,7.5,1.55,0.78,5.0,.,June-2021
981,111000.0,15cm-30cm,7.4,1.01,0.72,6.3,.,June-2021
982,123678.0,1cm-15cm,7.4,0.96,0.62,6.6,.,June-2021
983,123678.0,15cm-30cm,7.5,1.05,0.26,9.0,.,June-2021
984,111016.0,1cm-15cm,8.0,0.86,0.21,8.4,.,June-2021
985,111016.0,15cm-30cm,8.1,0.96,0.3,6.6,.,June-2021
986,123721.0,1cm-15cm,7.9,1.72,0.5,6.8,.,June-2021
987,123721.0,15cm-30cm,7.9,1.14,0.4,5.6,.,June-2021
988,123723.0,1cm-15cm,7.8,1.72,..6,6.1,.,June-2021
989,123723.0,15cm-30cm,7.7,1.88,0.69,5.3,.,June-2021
990,123722.0,1cm-15cm,7.7,1.05,0.7,5.0,.,June-2021
991,123722.0,15cm-30cm,7.8,1.35,0.58,7.5,.,June-2021
992,123724.0,1cm-15cm,7.7,2.08,0.55,6.0,.,June-2021
993,123724.0,15cm-30cm,7.7,1.5,0.87,5.5,.,June-2021
994,123911.0,1cm-15cm,7.8,1.1,0.9,5.0,.,June-2021
995,123911.0,15cm-30cm,7.8,1.01,0.35,4.3,.,June-2021
996,123725.0,1cm-15cm,7.5,0.81,0.3,5.0,.,June-2021
997,123725.0,15cm-30cm,7.6,0.6,0.7,8.5,.,June-2021
998,123926.0,1cm-15cm,7.6,0.5,0.7,8.0,.,June-2021
999,123926.0,15cm-30cm,7.6,0.56,1.01,5.2,.,June-2021
1000,123928.0,1cm-15cm,7.7,0.68,1,5.0,.,June-2021
1001,123928.0,15cm-30cm,7.4,0.65,0.46,7.2,.,June-2021
1002,123927.0,1cm-15cm,7.4,0.65,0.49,7.0,.,June-2021
1003,123927.0,15cm-30cm,7.4,0.345,0.9,5.5,.,June-2021
1004,123942.0,1cm-15cm,7.4,0.361,0.94,5.0,.,June-2021
1005,123942.0,15cm-30cm,7.4,0.271,0.64,5.7,.,June-2021
1006,123945.0,1cm-15cm,7.5,0.282,0.6,6.0,.,June-2021
1007,123945.0,15cm-30cm,7.8,0.18,0.54,4.3,.,June-2021
1008,123944.0,1cm-15cm,7.9,0.19,0.5,4.4,.,June-2021
1009,123944.0,15cm-30cm,7.9,0.409,0.43,4.6,.,June-2021
1010,123946.0,1cm-15cm,8.0,0.45,0.4,4.5,.,June-2021
1011,123946.0,15cm-30cm,7.9,0.324,0.5,7.2,.,June-2021
1012,123948.0,1cm-15cm,9.8,0.351,0.47,5.6,.,June-2021
1013,123948.0,15cm-30cm,7.8,0.249,0.6,5.8,.,June-2021
1014,123947.0,1cm-15cm,7.9,0.262,0.58,5.5,.,June-2021
1015,123947.0,15cm-30cm,8.0,0.285,0.47,6.2,.,June-2021
1016,123949.0,1cm-15cm,8.0,0.3,0.45,6.1,.,June-2021
1017,123949.0,15cm-30cm,8.0,0.396,0.54,5.0,.,June-2021
1018,123970.0,1cm-15cm,8.1,0.401,0.55,4.7,.,June-2021
1019,123970.0,15cm-30cm,7.8,0.44,0.38,4.8,.,June-2021
1020,123952.0,1cm-15cm,7.7,0.46,0.3,4.5,.,June-2021
1021,123952.0,15cm-30cm,7.8,0.525,0.47,5.2,.,June-2021
1022,123971.0,1cm-15cm,7.8,0.55,0.4,5.4,.,June-2021
1023,123971.0,15cm-30cm,7.7,0.546,0.61,5.5,.,June-2021
1024,123973.0,1cm-15cm,8.0,0.551,0.56,5.3,.,June-2021
1025,123973.0,15cm-30cm,8.0,0.554,0.67,5.3,.,June-2021
1026,123972.0,1cm-15cm,8.0,0.52,0.62,5.6,.,June-2021
1027,123972.0,15cm-30cm,7.8,0.735,0.72,4.0,.,June-2021
1028,124182.0,1cm-15cm,8.1,0.614,0.62,4.2,.,June-2021
1029,124182.0,15cm-30cm,8.0,0.408,0.26,4.1,.,June-2021
1030,124184.0,1cm-15cm,8.0,0.315,0.21,4.2,.,June-2021
1031,124184.0,15cm-30cm,8.0,0.23,0.36,5.0,.,June-2021
1032,124183.0,1cm-15cm,8.2,0.125,0.26,4.2,.,June-2021
1033,124183.0,15cm-30cm,8.1,0.21,0.52,4.6,.,June-2021
1034,124185.0,1cm-15cm,8.1,0.185,0.57,4.8,.,June-2021
1035,124185.0,15cm-30cm,8.2,0.35,0.52,5.8,.,June-2021
1036,124187.0,1cm-15cm,8.3,0.31,0.47,4.8,.,June-2021
1037,124187.0,15cm-30cm,8.3,0.515,0.57,4.5,.,June-2021
1038,124186.0,1cm-15cm,8.2,0.466,0.62,4.6,.,June-2021
1039,124186.0,15cm-30cm,8.3,0.99,0.72,4.9,.,June-2021
1040,124188.0,1cm-15cm,8.0,0.83,0.67,5.0,.,June-2021
1041,124188.0,15cm-30cm,7.9,0.56,0.47,4.2,.,June-2021
1042,124198.0,1cm-15cm,8.0,0.61,0.41,4.5,.,June-2021
1043,124198.0,15cm-30cm,8.0,0.34,0.52,4.2,.,June-2021
1044,124189.0,1cm-15cm,8.0,0.35,0.57,4.0,.,June-2021
1045,124189.0,15cm-30cm,8.0,0.63,0.26,4.1,.,June-2021
1046,124199.0,1cm-15cm,8.0,0.52,0.41,4.2,.,June-2021
1047,124199.0,15cm-30cm,8.0,0.91,0.36,5.0,.,June-2021
1048,124201.0,1cm-15cm,8.2,0.76,0.21,5.2,.,June-2021
1049,124201.0,15cm-30cm,8.2,0.96,0.52,5.4,.,June-2021
1050,124200.0,1cm-15cm,8.1,0.87,0.57,4.9,.,June-2021
1051,124200.0,15cm-30cm,8.2,0.89,0.41,4.0,.,June-2021
1052,124202.0,1cm-15cm,8.0,0.64,0.47,4.2,.,June-2021
1053,124202.0,15cm-30cm,7.9,0.81,0.26,4.3,.,June-2021
1054,124205.0,1cm-15cm,8.0,0.96,0.21,4.6,.,June-2021
1055,124205.0,15cm-30cm,7.9,0.86,0.31,4.2,.,June-2021
1056,124203.0,1cm-15cm,8.0,0.95,0.36,4.3,.,June-2021
1057,124203.0,15cm-30cm,8.0,0.94,0.31,4.5,.,June-2021
1058,124206.0,1cm-15cm,8.1,0.65,0.41,4.6,.,June-2021
1059,124206.0,15cm-30cm,8.0,0.6,0.31,5.0,.,June-2021
1060,124219.0,1cm-15cm,7.9,0.56,0.26,5.2,.,June-2021
1061,124219.0,15cm-30cm,8.0,0.9,0.52,4.8,.,June-2021
1062,124218.0,1cm-15cm,8.2,1.01,0.47,4.6,.,June-2021
1063,124218.0,15cm-30cm,8.0,1.01,0.52,4.4,.,June-2021
1064,124220.0,1cm-15cm,8.0,0.97,0.57,4.2,.,June-2021
1065,124220.0,15cm-30cm,7.7,0.93,0.78,4.5,.,June-2021
1066,124222.0,1cm-15cm,7.7,1.01,0.93,4.6,.,June-2021
1067,124222.0,15cm-30cm,7.8,1.5,0.52,5.2,.,June-2021
1068,124221.0,1cm-15cm,8.0,1.03,0.62,5.2,.,June-2021
1069,124221.0,15cm-30cm,8.2,0.84,0.78,4.4,.,June-2021
1070,124223.0,1cm-15cm,8.2,0.92,0.62,6.5,.,June-2021
1071,124223.0,15cm-30cm,8.0,1.02,0.78,8.8,.,June-2021
1072,124225.0,1cm-15cm,7.3,1.1,0.6,4.9,.,June-2021
1073,124225.0,15cm-30cm,7.5,1.05,0.53,4.7,.,June-2021
1074,124224.0,1cm-15cm,7.4,0.98,0.62,5.5,.,June-2021
1075,124224.0,15cm-30cm,7.3,1.21,0.81,5.3,.,June-2021
1076,124226.0,1cm-15cm,7.6,1.13,0.7,5.1,.,June-2021
1077,124226.0,15cm-30cm,7.8,1.08,0.62,5.5,.,June-2021
1078,124228.0,1cm-15cm,7.6,0.98,0.26,5.5,.,June-2021
1079,124228.0,15cm-30cm,7.8,0.85,0.21,5.6,.,June-2021
1080,124227.0,1cm-15cm,7.7,1.02,0.36,6.2,.,June-2021
1081,124227.0,15cm-30cm,7.7,0.86,0.26,6.5,.,June-2021
1082,124229.0,1cm-15cm,7.7,0.82,0.52,5.5,.,June-2021
1083,124229.0,15cm-30cm,7.3,1.55,0.62,5.0,.,June-2021
1084,124231.0,1cm-15cm,7.6,1.01,0.26,5.2,.,June-2021
1085,124231.0,15cm-30cm,7.7,0.96,0.21,5.5,.,June-2021
1086,124230.0,1cm-15cm,7.8,1.05,0.36,4.8,.,June-2021
1087,124230.0,15cm-30cm,7.7,0.86,0.3,5.1,.,June-2021
1088,124232.0,1cm-15cm,7.7,0.96,0.52,5.1,.,June-2021
1089,124232.0,15cm-30cm,7.8,1.72,0.62,5.4,.,June-2021
1090,124234.0,1cm-15cm,7.6,1.14,0.5,5.2,.,June-2021
1091,124234.0,15cm-30cm,7.7,1.72,0.5,5.5,.,June-2021
1092,124233.0,1cm-15cm,7.8,1.88,0.36,5.6,.,June-2021
1093,124233.0,15cm-30cm,7.8,1.05,.4.4,5.4,.,June-2021
1094,124235.0,1cm-15cm,7.8,1.35,0.52,5.2,.,June-2021
1095,124235.0,15cm-30cm,7.9,0.96,0.62,5.0,.,June-2021
1096,124243.0,1cm-15cm,7.9,0.76,0.65,5.2,.,June-2021
1097,124243.0,15cm-30cm,7.7,1.1,0.6,5.0,.,June-2021
1098,124242.0,1cm-15cm,7.8,1.01,0.36,4.6,.,June-2021
1099,124242.0,15cm-30cm,7.9,0.81,0.4,4.5,.,June-2021
1100,124244.0,1cm-15cm,7.8,0.6,0.52,5.2,.,June-2021
1101,124244.0,15cm-30cm,7.7,0.45,0.5,5.5,.,June-2021
