Sample ID,Depth (Cm),PH (1:1),ECe (1:1)(mS/cm),OM %,P (ppm),,
124083,O,7.9,1.1,0.53,4,,
124083,I,7.9,1.01,0.52,3.9,,
124142,O,8.2,0.9,0.49,3.5,,
124142,I,8.1,0.9,0.5,3.2,,
123903,O,8,0.79,0.61,4.1,,
123903,I,7.9,0.77,0.5,4.5,,
124078,O,7.9,0.9,0.47,4,,
124078,I,7.8,0.91,0.45,3.2,,
124042,O,7.9,1,0.4,6,,
124042,I,8,0.9,0.39,4,,
124081,O,8,1.03,0.5,3.7,,
124081,I,8.1,1,0.48,3.8,,
124142,O,7.8,1.1,0.6,6,,
124142,I,7.9,1.02,0.4,5,,
124084,O,7.9,0.73,0.4,3.3,,
124084,I,7.9,0.6,0.5,6,,
124083,O,7.8,0.7,0.49,5.3,,
124083,I,7.8,0.68,0.5,5,,
124143,O,7.9,0.92,0.55,6,,
124143,I,8,0.7,0.49,5,,
124079,O,8,1.1,0.4,4,,
124079,I,8,1,0.3,5,,
124043,O,7,0.91,0.49,3.1,,
124043,I,8,0.8,0.5,4.5,,
124084,O,7.9,0.79,0.42,3.3,,
124084,I,8,0.6,0.37,4,,
124154,O,7.9,0.56,0.5,6,,
124154,I,8,0.5,0.4,5,,
124173,O,8.3,0.7,0.5,3.5,,
124173,I,8.3,0.5,0.35,3,,
124079,O,8.1,0.4,0.4,5,,
124079,I,8,0.5,0.5,6,,
123900,O,7.7,0.7,0.3,6,,
123900,I,7.8,0.74,0.3,4,,
124155,O,8.1,0.3,0.4,5,,
124155,I,7.9,0.3,0.5,6,,
124172,O,8.1,0.5,0.4,6,,
124172,I,8,0.5,0.3,4,,
124170,O,8.3,0.4,0.5,6,,
124170,I,8.2,0.3,0.3,4,,
124154,O,8,0.5,0.4,6,,
124154,I,7.9,0.5,0.4,5,,
123894,O,8,0.9,0.6,6.5,,
123894,I,8,0.9,0.5,6.2,,
123895,O,8.2,1.1,0.5,6,,
123895,I,8.2,1.2,0.4,6.2,,
123898,O,8.22,0.9,0.7,4.7,,
123898,I,8.21,0.8,0.5,5,,
124171,O,8.1,0.71,0.65,5.3,,
124171,I,8,0.67,0.6,5.2,,
124043,O,8.26,0.68,0.3,6,,
124043,I,8.26,0.67,0.3,5.95,,
123900,O,7.9,3.28,0.32,4.3,,
123900,I,7.9,3.25,0.31,4,,
123901,O,7.9,0.91,0.2,6.08,,
123901,I,7.8,0.9,0.2,6,,
123902,O,7.9,1.39,0.59,5.4,,
123902,I,7.9,1.39,0.56,5.37,,
123899,O,8.13,0.9,0.38,5.2,,
123899,I,8.14,0.91,0.37,5,,
124144,O,8.23,0.66,0.33,7,,
124144,I,8.23,0.66,0.33,6.6,,
124145,O,7.7,0.5,0.35,5,,
124145,I,7.7,0.49,0.34,4.5,,
123903,O,7.9,0.82,0.31,5.1,,
123903,I,8,0.8,0.3,4.8,,
124078,O,8.1,0.58,0.2,5.3,,
124078,I,8.2,0.58,0.2,5,,
124082,O,8,1.3,0.38,6,,
124082,I,8,0.53,0.37,5.8,,
124143,O,7.9,0.65,0.59,5.1,,
124143,I,7.9,0.61,0.57,4.8,,
124117,O,8.24,0.76,0.42,5.2,,
124117,I,8.24,0.7,0.4,5,,
124164,O,8,1.68,0.4,4.5,,
124164,I,8,1.67,0.39,4,,
124116,O,7.9,0.72,0.35,5,,
124116,I,8,0.7,0.3,3,,
124115,O,8,0.68,0.4,3,,
124115,I,7.9,0.6,0.4,5,,
124114,O,8.1,0.81,0.3,4.8,,
124114,I,8.1,0.8,0.3,4,,
124254,O,8,0.78,0.6,5,,
124254,I,7.9,0.77,0.58,5,,
124256,O,8,0.75,0.6,3.8,,
124256,I,7,0.77,0.6,3.5,,
124038,O,8.25,0.76,0.53,3.4,,
124038,I,8.21,0.75,0.5,3,,
124091,O,7.8,1.07,0.4,4.3,,
124091,I,7.9,1,0.4,4,,
124010,O,7.7,2.17,0.4,4,,
124010,I,7.8,2.1,0.3,3.5,,
124254,O,8.01,2.1,0.5,5,,
124254,I,8,2.03,0.4,5,,
124040,O,7.9,1.6,0.4,4,,
124040,I,7.9,1.54,0.3,3.8,,
124013,O,8.2,1.69,0.5,6,,
124013,I,8.19,1.6,0.5,5.5,,
124149,O,7.9,2.02,0.3,4,,
124149,I,7.9,2,0.3,3.6,,
124012,O,8.09,1.62,0.5,5.2,,
124012,I,8.1,1.6,0.4,5,,
124255,O,8,1.7,0.6,6,,
124255,I,7.9,1.67,0.5,5,,
124092,O,7.7,2.02,0.5,5,,
124092,I,7.8,2.01,0.4,4.8,,
124148,O,7.6,1.63,0.3,3.5,,
124148,I,7.6,1.61,0.28,3,,
124038,O,7.7,1.61,0.4,4,,
124038,I,7.8,1.6,0.32,3.7,,
124093,O,7.9,1.28,0.4,4.2,,
124093,I,8,1.25,0.34,3.8,,
124011,O,8.01,1.36,0.3,4.4,,
124011,I,7.9,1.34,0.3,4.2,,
124057,O,8,1.3,0.38,4.1,,
124057,I,7.9,1.32,0.3,4,,
124039,O,7.8,1.09,0.4,5,,
124039,I,7.9,1.11,0.36,4.3,,
124091,O,8.3,1.13,0.3,3.5,,
124091,I,8.2,1.11,0.3,3.1,,
124149,O,8,1.97,0.4,4.2,,
124149,I,8.02,1.95,0.3,3.2,,
124010,O,8.18,1.91,0.4,5,,
124010,I,8.15,1.87,0.34,4.7,,
110768,O,7.9,4.05,0.5,5.5,,
110768,I,7.86,4.01,0.45,5.1,,
110765,O,8.1,1.69,0.4,4.3,,
110765,I,8.01,1.6,0.34,4.2,,
124090,O,8,1.33,0.3,3.4,,
124090,I,8.1,1.29,0.3,3,,
110861,O,8.3,1.11,0.4,4.2,,
110861,I,8.2,1.09,0.3,3.8,,
124148,O,7.9,1.94,0.4,4.1,,
124148,I,8.03,1.88,0.34,3.8,,
110862,O,8.01,1.7,0.4,4.2,,
110862,I,8.1,1.65,0.36,3.9,,
110767,O,7.9,1.19,0.5,5,,
110767,I,7.9,1.15,0.43,4.3,,
110741,O,7.9,1.73,0.5,5,,
110741,I,8.02,1.71,0.43,4.7,,
110860,O,7.9,1.02,0.47,4.3,,
110860,I,7.9,0.9,0.43,4,,
110638,O,8,0.59,0.5,5.4,,
110638,I,7.9,0.54,0.52,5.4,,
110639,O,7.9,0.62,0.6,5,,
110639,I,7.9,0.55,0.59,4.8,,
110640,O,7.7,1.2,0.4,4.3,,
110640,I,7.8,0.99,0.43,4.1,,
110641,O,8,1.1,0.6,5.2,,
110641,I,7.8,1.2,0.52,5.1,,
110642,O,7.7,1.5,0.4,5.4,,
110642,I,7.8,1.44,0.42,5.2,,
110643,O,8.2,0.92,0.57,4.2,,
110643,I,8.2,0.88,0.5,4.4,,
110650,O,7.9,5,0.72,4.1,,
110650,I,7.9,1.1,0.67,6,,
110651,O,8,0.91,0.52,5.8,,
110651,I,7.9,1.1,0.52,4.5,,
110652,O,8.1,2.6,0.41,3.8,,
110652,I,7.9,2.1,0.47,3.7,,
110653,O,7.8,0.88,0.52,4.4,,
110653,I,7.9,0.93,0.52,4.3,,
110654,O,7.6,0.134,0.6,4.1,,
110654,I,7.7,0.15,0.65,4,,
110655,O,7.9,1.1,0.47,4.4,,
110655,I,8,0.84,0.55,3.9,,
110656,O,7.8,0.88,0.54,4.2,,
110656,I,7.9,0.73,0.57,4,,
110659,O,8.1,1.1,0.4,3.6,,
110659,I,8,0.96,0.41,4.1,,
110661,O,7.9,0.88,0.42,3.9,,
110661,I,8.1,0.74,0.39,3,,
110662,O,7.8,1.1,0.52,4.5,,
110662,I,7.9,1.01,0.53,4.4,,
110663,O,8.2,0.69,0.4,3.3,,
110663,I,8.2,0.92,0.45,3,,
110740,O,7.9,0.87,0.51,3.6,,
110740,I,8,0.92,0.52,3.1,,
110746,O,8.1,1.2,0.54,4.7,,
110746,I,7.9,1.06,0.57,4.5,,
110752,O,7.9,1.5,0.52,5,,
110752,I,7.8,1.32,0.48,5.1,,
110755,O,7.9,0.97,0.62,4.6,,
110755,I,8.1,1.33,0.51,4.5,,
110756,O,8,1.45,0.49,4.5,,
110756,I,7.9,1.1,0.52,4.7,,
110757,O,7.7,1.21,0.43,4.5,,
110757,I,7.6,1.53,0.47,4.3,,
110758,O,8,1.89,0.51,3.5,,
110758,I,7.9,1.74,0.43,3.5,,
110759,O,8.1,1.8,0.39,4.5,,
110759,I,8,1.74,0.35,4.2,,
110760,O,7.8,1.62,0.5,4.5,,
110760,I,7.9,0.77,0.41,4.2,,
110762,O,7.9,0.9,0.45,4.1,,
110762,I,8,1.05,0.36,4,,
110763,O,8.1,1.2,0.43,3.6,,
110763,I,8,0.66,0.5,4,,
110766,O,7.9,1.1,0.61,3.5,,
110766,I,8,0.91,0.53,3.2,,
123581,O,7.6,2.3,0.41,4.2,,
123581,I,7.8,1.17,0.45,4,,
123582,O,8.1,0.92,0.37,4.3,,
123582,I,8,1.1,0.53,4.4,,
123583,O,7.9,1.4,0.56,4.4,,
123583,I,7.8,1.1,0.57,4.7,,
123584,O,7.9,0.95,0.5,4.5,,
123584,I,7.7,0.88,0.52,4.2,,
123585,O,7.9,1.1,0.5,4.7,,
123585,I,7.9,1.12,0.55,4.5,,
123586,O,8.1,1.65,0.6,4.9,,
123586,I,8,1.57,0.53,5.2,,
123688,O,8,0.92,0.46,4.1,,
123688,I,7.9,0.88,0.51,4.3,,
123689,O,7.9,1.67,0.43,4.1,,
123689,I,7.8,1.81,0.45,4,,
123691,O,8.1,1.43,0.52,4.5,,
123691,I,7.9,1.2,0.47,4.1,,
123692,O,7.9,0.92,0.54,4.1,,
123692,I,8,0.88,0.49,4.6,,
123694,O,7.9,1.1,0.53,5.1,,
123694,I,8,1.11,0.46,5,,
123695,O,7.9,0.93,0.5,4.4,,
123695,I,7.8,1.1,0.4,4.2,,
123696,O,8.1,0.9,0.46,5.7,,
123696,I,7.9,1.3,0.5,5.3,,
123697,O,7.8,2.1,0.3,4.2,,
123697,I,7.9,2.3,0.43,4.5,,
123702,O,8.1,1.12,0.5,4.5,,
123702,I,8,0.91,0.49,4.2,,
123703,O,7.9,1.5,0.47,4.1,,
123703,I,8,1.65,0.43,4.2,,
123704,O,7.8,1.1,0.41,3.5,,
123704,I,7.9,1.09,0.54,3.7,,
123705,O,8.1,1.47,0.37,4.1,,
123705,I,8,1.5,0.43,4,,
123706,O,7.9,1.1,0.5,4.5,,
123706,I,8,1.09,0.48,4.8,,
123707,O,8.1,0.94,0.4,4.1,,
123707,I,8,1.1,0.42,4,,
123708,O,7.9,1.22,0.5,4.3,,
123708,I,7.8,1.13,0.51,5,,
123709,O,7.8,1.15,0.5,4.2,,
123709,I,7.9,1.08,0.42,4.1,,
123710,O,8,1.43,0.37,4.8,,
123710,I,8.1,1.57,0.38,4.7,,
123711,O,7.8,0.93,0.41,5.1,,
123711,I,7.9,0.88,0.5,5,,
123712,O,8,1.37,0.41,5.1,,
123712,I,7.9,1.09,0.4,4.8,,
123713,O,8.1,0.9,0.5,4,,
123713,I,8,0.89,0.52,3.8,,
123714,O,7.9,1.05,0.47,4.6,,
123714,I,7.8,1.05,0.45,5.6,,
123718,O,7.8,1.09,0.43,3.8,,
123718,I,7.9,1.12,0.45,4,,
123719,O,8.1,1.19,0.5,4.1,,
123719,I,7.9,1.09,0.44,4.2,,
123720,O,8,1.58,0.45,4.5,,
123720,I,7.8,1.77,0.55,4.1,,
110866,O,7.7,1.15,0.6,6.3,,
110866,I,7.8,1.21,0.55,5.6,,
110867,O,8,1.62,0.3,5,,
110867,I,7.9,1.77,0.45,4.8,,
110872,O,7.8,1.11,0.5,5.1,,
110872,I,7.7,1.02,0.44,5.2,,
110882,O,8.3,0.9,0.39,4.5,,
110882,I,8.2,1.44,0.47,4.1,,
110884,O,7.7,1.56,0.41,5.6,,
110884,I,7.8,1.09,0.57,5.2,,
110886,O,7.9,1.13,0.47,4.1,,
110886,I,7.8,1.09,0.52,4.3,,
110992,O,7.9,1.11,0.57,6.5,,
110992,I,8,1.13,0.55,5.8,,
110997,O,7.8,1.11,0.42,4.5,,
110997,I,7.9,0.96,0.41,4.3,,
111001,O,8.1,0.91,0.52,4,,
111001,I,8,1.09,0.47,4.1,,
111003,O,7.9,1.32,0.5,5,,
111003,I,7.8,1.83,0.49,4.8,,
111004,O,8,1.07,0.34,3.9,,
111004,I,7.9,0.9,0.5,4,,
111017,O,7.8,1.71,0.67,5.6,,
111017,I,7.7,1.88,0.62,5.5,,
111018,O,7.8,1.36,0.57,4.9,,
111018,I,7.9,1.12,0.49,4.7,,
111019,O,8.3,1.86,0.52,5.2,,
111019,I,8.1,1.73,0.5,5.5,,
111021,O,7.8,1.09,0.34,4,,
111021,I,7.7,0.98,0.3,4.1,,
111024,O,8.1,1.1,0.41,5.2,,
111024,I,8,1.33,0.47,5,,
123680,O,8.1,1.11,0.5,4.5,,
123680,I,8,0.9,0.44,4.8,,
123681,O,7.7,0.309,0.6,4.1,,
123681,I,7.8,0.316,0.7,4,,
123682,O,7.9,1.32,0.43,5,,
123682,I,7.8,1.36,0.45,5.1,,
123683,O,8.1,2.5,0.42,5.5,,
123683,I,8,2.34,0.4,4.8,,
123684,O,7.8,0.615,0.4,5.5,,
123684,I,7.9,0.651,0.52,5,,
123685,O,7.9,0.65,0.43,4.6,,
123685,I,7.6,0.702,0.42,4.3,,
123686,O,8.1,1.13,0.43,4.1,,
123686,I,8,1.11,0.39,4.6,,
123698,O,7.8,0.93,0.54,6,,
123698,I,7.9,1.03,0.51,5.5,,
123699,O,7.8,1.14,0.43,4.8,,
123699,I,7.9,0.88,0.63,5.4,,
123700,O,8.1,2.4,0.48,5.6,,
123700,I,8,2.38,0.6,5.4,,
123701,O,7.7,0.91,0.37,5,,
123701,I,7.8,1.03,0.4,4.8,,
123893,O,7.9,1.1,0.5,5.5,,
123893,I,8.1,0.92,0.49,5.6,,
123916,O,7.7,1.12,0.41,4.8,,
123916,I,7.8,1.17,0.45,4.5,,
123917,O,7.9,1.09,0.3,4.8,,
123917,I,8,1.12,0.42,5.1,,
110734,O,7.9,1.09,0.5,4.8,,
110734,I,7.8,1.45,0.57,4.6,,
110735,O,8.2,1.09,0.43,4.2,,
110735,I,8.1,0.99,0.41,4,,
110736,O,7.9,1.45,0.36,4.2,,
110736,I,7.8,1.4,0.42,4.5,,
110737,O,7.9,1.09,0.55,4.6,,
110737,I,7.9,1.13,0.62,4.3,,
110738,O,7.7,0.84,0.45,3.8,,
110738,I,7.9,1.01,0.5,4.2,,
110767,O,8.1,1.03,0.43,4.2,,
110767,I,7.9,1.21,0.45,4.1,,
110768,O,7.9,0.86,0.41,4.6,,
110768,I,7.8,0.93,0.45,4.4,,
110773,O,8.1,1.24,0.5,4,,
110773,I,8,1.15,0.48,3.9,,
110775,O,7.9,0.98,0.45,5.2,,
110775,I,7.8,1.43,0.5,5.1,,
110776,O,8.1,1.25,0.6,4.5,,
110776,I,8,1.53,0.48,4.2,,
110777,O,7.9,0.98,0.5,5.1,,
110777,I,7.8,1.08,0.54,4.8,,
110778,O,7.7,1.49,0.57,4.4,,
110778,I,7.7,1.53,0.47,4.2,,
110779,O,7.7,1.85,0.41,4,,
110779,I,7.7,0.94,0.78,4.5,,
110781,O,7.7,1.02,0.62,4.2,,
110781,I,7.6,1.22,0.67,4.5,,
110852,O,7.8,1.38,0.72,4,,
110852,I,7.7,0.8,0.55,5.2,,
110853,O,7.7,0.86,0.66,5.5,,
110853,I,7.8,0.81,0.71,5.8,,
110854,O,7.6,0.94,0.55,4.9,,
110854,I,7.7,0.93,0.88,4.4,,
110855,O,7.6,1.39,0.78,4,,
110855,I,7.7,0.81,0.83,4.2,,
110856,O,7.7,0.91,0.72,4,,
110856,I,7.8,1,0.78,4.8,,
110857,O,7.7,0.9,0.83,5.2,,
110857,I,7.7,0.98,0.86,5.5,,
110858,O,7.8,1.04,0.76,5.4,,
110858,I,7.7,1.01,0.67,3.6,,
110859,O,7.5,1.24,0.57,3.5,,
110859,I,7.6,1.76,0.52,3,,
110862,O,7.5,1.75,0.62,3.5,,
110862,I,7.6,1.16,0.72,4.1,,
110863,O,7.7,0.88,0.78,3.9,,
110863,I,7.7,0.83,0.72,4.1,,
110892,O,7.6,1.31,0.83,3.8,,
110892,I,7.7,0.96,0.78,3.6,,
110893,O,7.7,0.97,0.72,4.1,,
110893,I,7.6,1.33,0.67,3.2,,
110895,O,7.6,1.15,0.78,3.6,,
110895,I,7.7,0.77,0.67,3.5,,
110898,O,7.6,0.86,0.62,3.1,,
110898,I,7.7,0.85,0.57,3.2,,
110899,O,7.7,0.92,0.67,3.5,,
110899,I,7.8,0.98,0.7,4.6,,
110900,O,7.7,0.89,0.65,4.5,,
110900,I,7.5,1.32,0.66,4.4,,
110902,O,7.7,1.15,0.79,4.5,,
110902,I,7.6,2.65,0.83,4,,
110903,O,7.5,1.08,0.78,4.2,,
110903,I,7.5,2.62,0.72,3.6,,
110904,O,7.6,1.17,0.88,4,,
110904,I,7.7,1.11,0.72,3.8,,
110905,O,7.9,0.81,0.78,3.6,,
110905,I,7.8,1.09,0.67,3,,
110983,O,7.8,1.25,0.83,3.6,,
110983,I,7.7,1.65,0.78,5.4,,
110984,O,7.7,1,0.98,5.6,,
110984,I,7.8,1.52,0.88,5,,
110986,O,7.6,2.2,0.86,5.1,,
110986,I,7.7,1.42,0.76,5.6,,
110987,O,7.8,1.11,0.81,5.4,,
110987,I,7.7,0.86,0.78,5,,
110988,O,7.7,1.2,0.83,5.1,,
110988,I,7.7,0.88,0.83,4.8,,
110989,O,7.8,1.22,0.78,4.1,,
110989,I,7.7,1.15,0.88,4.2,,
110990,O,7.7,0.98,0.72,3.6,,
110990,I,7.7,2,0.67,3.4,,
110991,O,7.7,1.08,0.62,3.5,,
110991,I,7.5,1.06,0.57,3,,
110992,O,7.6,1.68,0.67,3.7,,
110992,I,7.7,1.18,0.57,3,,
110993,O,7.6,0.83,0.52,3.1,,
110993,I,7.7,1.1,0.47,3,,
110994,O,7.6,1,0.47,3.6,,
110994,I,7.5,2.08,0.5,5.2,,
110995,O,7.8,1.09,0.63,5.5,,
110995,I,7.7,1.67,0.66,5.8,,
111021,O,7.6,1.9,0.45,5.1,,
111021,I,7.7,1.63,0.5,4.5,,
111023,O,7.6,1.47,0.71,5.2,,
111023,I,7.6,2.18,0.75,5.4,,
111024,O,7.7,1.93,0.78,5.6,,
111024,I,7.6,1.59,0.83,5,,
123570,O,7.6,1.96,0.78,4.8,,
123570,I,7.7,1.36,0.67,4,,
123571,O,7.6,1.03,0.88,4.6,,
123571,I,7.8,0.79,0.75,4.8,,
123572,O,7.7,0.74,1.03,4.8,,
123572,I,7.7,0.79,1.09,5.4,,
123573,O,7.5,1,0.98,5,,
123573,I,7.6,1.38,0.88,4.5,,
123574,O,7.7,0.96,0.6,4.6,,
123574,I,7.8,0.98,0.65,5.6,,
123575,O,7.7,0.88,0.53,5,,
123575,I,7.6,1.72,0.57,4.2,,
123576,O,7.4,1.68,0.52,4.1,,
123576,I,7.7,1.14,0.47,3.6,,
123577,O,7.6,2.7,0.41,3.1,,
123577,I,7.6,0.9,0.78,3.8,,
123578,O,7.5,0.75,0.67,3.6,,
123578,I,7.6,1.23,0.72,3.1,,
123579,O,7.7,1.1,0.78,3.4,,
123579,I,7.7,1,0.52,3.6,,
123580,O,7.8,0.79,0.57,3.1,,
123580,I,7.7,1,0.47,3.6,,
123918,O,7.8,0.97,0.41,3.2,,
123918,I,7.7,1.08,0.62,3.6,,
123919,O,7.8,1.17,0.52,3.5,,
123919,I,7.8,1.06,0.57,3.4,,
124074,O,8.1,2.1,0.6,5.5,,
124074,I,8,2,0.6,5,,
124076,O,8.2,0.61,0.5,6.5,,
124076,I,8.1,0.53,0.5,0.6,,
124075,O,7.8,1.2,0.6,6,,
124075,I,7.8,1.25,0.55,6,,
124077,O,8,2.36,0.6,5,,
124077,I,8.1,2.4,0.56,4.8,,
124070,O,8,0.72,0.7,5.5,,
124070,I,8.1,0.64,0.65,5,,
124071,O,7.7,0.6,0.65,5.5,,
124071,I,7.8,0.52,0.6,6,,
124035,O,7.9,0.76,0.36,4,,
124035,I,7.9,0.66,0.4,4.6,,
124080,O,8.1,1.75,0.5,5,,
124080,I,8,1.55,0.4,6,,
124069,O,8.2,0.65,0.6,5.8,,
124069,I,8.2,0.55,0.5,6,,
124037,O,7.9,0.83,0.52,5.5,,
124037,I,7.9,0.72,0.45,5,,
124066,O,8.1,1.01,0.65,5.6,,
124066,I,8,0.94,0.6,6,,
124036,O,7.7,0.83,0.4,6.4,,
124036,I,7.8,0.77,0.4,6,,
124122,O,8,1.43,0.75,5.2,,
124122,I,8,1.3,0.67,5,,
124068,O,7.8,0.88,0.65,6,,
124068,I,7.9,0.7,0.6,5.5,,
124073,O,8.4,0.76,0.56,5.2,,
124073,I,8.3,0.81,0.5,5.2,,
124034,O,7.9,1.03,0.35,4.4,,
124034,I,7.9,0.96,0.3,4.3,,
124165,O,7.9,0.63,0.5,5.5,,
124165,I,7.8,0.55,0.43,5,,
124127,O,7.7,0.98,0.47,5.3,,
124127,I,7.8,0.88,0.34,5.5,,
124049,O,7.9,0.48,0.41,4.5,,
124049,I,7.8,0.34,0.4,5,,
124135,O,7.9,1.02,0.57,5.1,,
124135,I,7.9,0.93,0.5,4.7,,
124019,O,7.9,1.6,0.62,5.5,,
124019,I,7.8,1.31,0.55,5,,
124015,O,7.9,1.14,0.48,4.2,,
124015,I,7.9,1,0.5,4.5,,
124897,O,8.2,0.84,0.3,4,,
124897,I,8.2,0.7,0.45,3.6,,
124014,O,7.8,1.72,0.6,5.2,,
124014,I,7.9,1.53,0.55,5,,
124050,O,8.1,0.6,0.41,5.5,,
124050,I,8,0.55,0.4,5.2,,
124017,O,7.9,1.92,0.6,5,,
124017,I,7.9,1.65,0.55,4.7,,
124048,O,8.2,0.65,0.35,4.3,,
124048,I,8.1,0.54,0.3,4,,
124018,O,7.8,1.05,0.54,5.5,,
124018,I,7.8,0.91,0.5,5.2,,
124047,O,8.1,0.95,0.3,4.6,,
124047,I,8.1,0.88,0.35,4.4,,
124155,O,7.9,0.6,0.68,5,,
124155,I,7.8,0.5,0.6,4.6,,
123905,O,7.8,1.73,0.36,5.2,,
123905,I,7.7,1.43,0.33,5,,
124051,O,8.1,0.82,0.35,5,,
124051,I,8,0.65,0.3,4.6,,
124085,O,8.1,4,0.5,4,,
124085,I,8.1,3.9,0.4,3.5,,
124044,O,8.2,0.82,0.48,5,,
124044,I,8.1,0.73,0.5,5,,
124046,O,8,0.55,0.4,4.6,,
124046,I,8.1,0.5,0.32,4,,
123904,O,7.8,0.92,0.4,8.1,,
123904,I,7.7,0.77,0.37,6.8,,
124128,O,7.7,1.5,0.52,4.1,,
124128,I,7.8,1.3,0.45,3.8,,
124016,O,7.8,1.55,0.45,4.5,,
124016,I,7.9,1.35,0.4,4,,
124124,O,7.9,1.77,0.63,5.4,,
124124,I,7.9,1.7,0.6,5,,
124119,O,7.9,1.32,0.7,5.4,,
124119,I,7.8,1.1,0.66,5,,
124261,O,8.1,1.03,0.6,4.8,,
124261,I,8,1.23,0.58,4,,
124259,O,8.1,1.54,0.7,5.8,,
124259,I,7.8,1.4,0.5,6,,
124258,O,7.9,0.88,0.43,5.5,,
124258,I,7.9,0.8,0.4,5,,
124118,O,8,1.01,0.76,4.5,,
124118,I,7.9,0.93,0.7,4,,
124260,O,7.7,1.15,0.5,4.2,,
124260,I,7.5,1.02,0.44,3.9,,
124120,O,7.6,0.93,0.8,5.4,,
124120,I,7.5,1.04,0.6,5.1,,
124121,O,8,1.1,0.6,4.6,,
124121,I,8.1,0.92,5.3,4.1,,
124072,O,7.7,0.75,0.4,5,,
124072,I,7.4,0.55,0.5,4.3,,
124147,O,8.1,0.71,0.67,5.6,,
124147,I,8,0.82,0.6,5,,
124146,O,7.9,0.71,0.62,5.2,,
124146,I,7.8,0.6,0.54,5,,
124039,O,8,0.65,4.3,4.2,,
124039,I,7.9,0.83,0.26,4,,
124255,O,7.9,1.02,0.54,5.2,,
124255,I,7.8,1.4,0.5,4.7,,
124257,O,7.9,1.23,0.7,5,,
124257,I,7.7,1.01,0.64,5,,
124090,O,8.1,0.54,0.82,6.1,,
124090,I,8,0.34,0.8,5.5,,
124092,O,8.1,0.85,0.6,7.4,,
124092,I,8.1,0.55,0.55,5.5,,
124093,O,8.1,0.88,0.6,6,,
124093,I,8,0.62,0.72,5.3,,
110749,O,7.9,1.3,0.5,6,,
110749,I,7.9,0.92,0.49,5.5,,
124013,O,7.9,1.2,0.5,4.1,,
124013,I,7.6,0.92,0.5,4,,
124041,O,7.8,1.1,0.4,4.9,,
124041,I,7.7,0.95,0.38,4,,
123930,O,7.6,1.09,0.88,5,,June-2021
123930,I,7.7,1.01,0.91,5.1,,
123931,O,7.7,0.94,0.62,5.5,,
123931,I,7.7,0.96,0.67,5.3,,
123932,O,7.5,1.22,0.72,5.1,,
123932,I,7.5,0.96,0.57,4.7,,
123933,O,7.8,1.09,0.56,5.5,,
123933,I,7.8,1,0.6,5.3,,
123935,O,7.5,1.01,0.7,5.1,,
123935,I,7.6,0.93,0.62,5.5,,
123936,O,7.7,0.93,0.63,5.5,,
123936,I,7.6,0.73,0.53,5.6,,
123937,O,7.8,0.75,0.51,6.2,,
123937,I,7.7,0.93,0.5,6.5,,
123938,O,7.8,1.93,0.5,5.5,,
123938,I,7.8,1.74,0.43,5,,
123939,O,7.7,1.21,0.72,5.2,,
123939,I,7.6,1.1,0.64,5.5,,
123940,O,7.6,1.03,0.55,4.8,,
123940,I,7.6,0.97,0.52,5.1,,
123941,O,7.6,1.12,0.6,5.1,,
123941,I,7.7,0.98,0.57,5.4,,
123950,O,7.7,1.02,0.61,5.2,,
123950,I,7.6,0.97,0.6,5.5,,
123951,O,7.8,0.93,0.61,5.6,,
123951,I,7.7,1.08,0.63,5.4,,
123953,O,7.7,0.91,0.43,5.2,,
123953,I,7.6,0.88,0.51,5,,
123956,O,7.7,1.01,0.48,5.2,,
123956,I,7.6,0.8,0.51,5,,
123957,O,7.8,0.82,0.57,4.6,,
123957,I,7.7,0.61,0.55,4.5,,
123959,O,7.8,0.431,0.63,5.2,,
123959,I,7.9,0.45,0.5,5.5,,
123961,O,7.8,1.12,0.31,4.4,,
123961,I,7.7,1.29,0.3,4.5,,
123962,O,7.8,0.9,0.59,5,,
123962,I,7.8,0.93,0.61,5.2,,
123963,O,7.8,0.96,0.52,5.5,,
123963,I,7.8,1.14,0.54,5,,
123964,O,7.7,1.12,0.55,4.6,,
123964,I,7.6,1.21,0.5,4.1,,
123965,O,7.7,0.32,0.61,4.5,,
123965,I,7.7,0.351,0.6,4.7,,
123922,O,7.6,1.13,0.34,4.3,,
123922,I,7.6,1.41,0.41,4.5,,
123923,O,7.8,0.98,0.72,4.9,,
123923,I,7.7,1.25,0.67,5.1,,
123924,O,7.6,1.14,0.62,4.8,,
123924,I,7.7,1.67,0.52,5,,
123925,O,7.7,1.62,0.67,4.8,,
123925,I,7.8,0.83,0.6,4.2,,
123918,O,7.7,0.71,0.57,5.2,,
123918,I,7.7,0.96,0.56,5.5,,
123919,O,7.8,0.85,0.78,5.2,,
123919,I,7.7,0.89,0.72,5.3,,
123920,O,7.8,0.91,0.62,5.6,,
123920,I,7.8,0.81,0.26,4,,
123921,O,7.7,0.96,0.21,4.2,,
123921,I,7.7,1.23,0.36,4.1,,
123922,O,7.6,1.68,0.26,4.2,,
123922,I,7.7,0.94,0.52,5,,
123923,O,7.6,1.6,0.57,4.2,,
123923,I,7.6,1.76,0.52,4.6,,
123924,O,7.7,1.95,0.47,4.8,,
123924,I,7.7,1.69,0.57,5.8,,
123925,O,7.6,1.5,0.62,4.8,,
123925,I,7.6,2.26,0.6,4.5,,
123930,O,7.7,1.95,0.54,4.6,,
123930,I,7.7,0.93,0.55,4.9,,
123931,O,7.6,1.01,0.5,5,,
123931,I,7.7,2.07,0.52,4.2,,
123932,O,7.7,2.17,0.57,4.5,,
123932,I,7.7,1.16,0.55,4.2,,
123933,O,7.6,1.29,0.48,4,,
123933,I,7.7,2.46,0.51,4.1,,
123934,O,7.5,0.85,0.5,4.2,,
123934,I,7.5,0.67,0.52,5,,
123935,O,7.7,0.44,0.57,5.2,,
123935,I,7.6,0.53,0.41,5.4,,
123936,O,7.9,1.13,0.47,4.9,,
123936,I,7.8,1.08,0.64,4,,
123938,O,7.7,0.98,0.6,4.2,,
123938,I,7.7,0.85,0.58,4.3,,
123937,O,7.8,1.02,0.4,4.6,,
123937,I,7.8,0.86,0.41,4.2,,
123939,O,7.9,0.82,0.43,4.3,,
123939,I,7.8,1.55,0.44,4.5,,
123941,O,7.7,1.01,0.5,4.6,,
123941,I,7.8,0.96,0.52,5,,
123940,O,7.9,1.05,0.49,5.2,,
123940,I,7.9,0.86,0.52,4.8,,
123950,O,7.9,0.96,0.57,4.6,,
123950,I,7.8,1.72,0.6,4.4,,
123953,O,7.6,1.14,0.5,4.2,,
123953,I,7.7,1.72,0.52,4.5,,
123951,O,7.8,1.88,0.62,4.6,,
123951,I,7.8,1.05,0.61,5.2,,
123954,O,7.8,1.35,0.62,5.2,,
123954,I,7.8,2.08,0.65,6.7,,
123956,O,7.9,1.5,0.81,6.5,,
123956,I,7.9,1.1,0.78,8.8,,
123955,O,7.6,1.01,0.62,7.6,,
123955,I,7.6,0.81,0.6,6.4,,
123957,O,7.7,0.6,0.87,8.5,,
123957,I,7.8,0.5,0.85,11.8,,
123959,O,7.9,0.56,0.66,5.5,,
123959,I,7.9,0.68,0.64,5.4,,
123958,O,7.9,0.65,0.62,4.9,,
123958,I,7.9,0.65,0.6,4.6,,
124218,O,7.9,0.345,0.62,8.2,,
124218,I,7.9,0.361,0.6,7.5,,
110996,O,8,0.271,0.62,5.5,,
110996,I,7.9,0.282,0.6,5,,
110669,O,8,0.18,0.6,6.3,,
110669,I,8,0.19,0.6,6.6,,
124191,O,7.9,0.409,1,9,,
124191,I,7.8,0.45,0.98,8.4,,
124192,O,7.7,0.324,0.74,6.6,,
124192,I,7.7,0.351,0.7,6.8,,
123973,O,7.8,0.249,0.69,5.6,,
123973,I,7.7,0.262,0.7,6.1,,
110890,O,7.7,0.285,0.58,5.3,,
110890,I,7.7,0.3,0.55,5,,
110887,O,7.8,0.396,0.87,7.5,,
110887,I,7.7,0.401,0.9,6,,
123678,O,7.6,0.44,0.35,5.5,,
123678,I,7.5,0.46,0.3,5,,
123983,O,7.9,0.525,0.7,4.3,,
123983,I,8,0.55,0.7,5,,
123004,O,7.3,0.546,1.01,8.5,,
123004,I,7.3,0.551,1,8,,
123960,O,7.9,0.554,0.46,5.2,,
123960,I,8,0.52,0.49,5,,
123684,O,7.7,0.735,0.9,7.2,,
123684,I,7.7,0.614,0.94,7,,
124231,O,8,0.408,0.64,5.5,,
124231,I,8.1,0.315,0.6,5,,
110897,O,8,0.23,0.54,5.7,,
110897,I,8,0.125,0.5,6,,
110864,O,8.1,0.21,0.43,4.3,,
110864,I,8,0.185,0.4,4.4,,
123684,O,7.7,0.35,0.5,4.6,,
123684,I,7.7,0.31,0.47,4.5,,
123967,O,8,0.515,0.6,7.2,,
123967,I,8.1,0.466,0.58,5.6,,
123968,O,7.8,0.99,0.47,5.8,,
123968,I,7.7,0.83,0.45,5.5,,
123967,O,7.8,0.56,0.54,6.2,,
123967,I,7.9,0.61,0.55,6.1,,
123969,O,8.2,0.34,0.38,5,,
123969,I,8,0.35,0.3,4.7,,
123975,O,7.7,0.63,0.47,4.8,,
123975,I,7.8,0.52,0.4,4.5,,
123974,O,7.7,0.91,0.61,5.2,,
123974,I,7.7,0.76,0.56,5.4,,
123976,O,7.6,0.96,0.67,5.5,,
123976,I,7.7,0.87,0.62,5.3,,
123978,O,7.7,0.89,0.72,5.3,,
123978,I,7.6,0.64,0.62,5.6,,
123977,O,7.5,0.81,0.26,4,,
123977,I,7.5,0.96,0.21,4.2,,
123979,O,7.6,0.86,0.36,4.1,,
123979,I,7.7,0.95,0.26,4.2,,
123981,O,7.6,0.94,0.52,5,,
123981,I,7.6,0.65,0.57,4.2,,
123980,O,7.7,0.6,0.52,4.6,,
123980,I,7.7,0.56,0.47,4.8,,
123981,O,7.6,0.9,0.57,5.8,,
123981,I,7.6,1.01,0.62,4.8,,
123982,O,7.7,1.01,0.72,4.5,,
123982,I,7.7,0.97,0.67,4.6,,
123984,O,7.6,0.93,0.47,4.9,,
123984,I,7.7,1.01,0.41,5,,
123986,O,7.7,1.5,0.52,4.2,,
123986,I,7.7,1.03,0.57,4.5,,
123985,O,7.6,0.84,0.26,4.2,,
123985,I,7.7,0.92,0.41,4,,
123987,O,7.6,1.02,0.36,4.1,,
123987,I,7.7,1.1,0.21,4.2,,
123989,O,7.6,1.05,0.52,5,,
123989,I,7.6,0.98,0.57,5.2,,
123988,O,7.9,1.21,0.41,5.4,,
123988,I,7.5,1.13,0.47,4.9,,
123990,O,7.7,1.08,0.26,4,,
123990,I,7.7,0.98,0.21,4.2,,
123998,O,7.6,0.85,0.31,4.3,,
123998,I,7.6,1.02,0.36,4.6,,
123992,O,7.5,0.86,0.31,4.2,,
123992,I,7.5,0.82,0.41,4.3,,
123999,O,7.5,1.55,0.31,4.5,,
123999,I,7.6,1.01,0.26,4.6,,
124001,O,7.9,0.96,0.52,5,,
124001,I,7.8,1.05,0.47,5.2,,
124000,O,7.9,0.86,0.52,4.8,,
124000,I,7.8,0.96,0.57,4.6,,
124002,O,7.6,1.72,0.78,4.4,,
124002,I,7.7,1.14,0.93,4.2,,
124004,O,7.8,1.72,0.52,4.5,,
124004,I,7.7,1.88,0.62,4.6,,
124003,O,7.8,1.05,0.78,5.2,,
124003,I,7.8,1.35,0.62,5.2,,
124005,O,7.9,0.96,0.78,4.4,,
124005,I,7.9,0.76,0.6,6.5,,
124007,O,7.6,1.1,0.53,8.8,,
124007,I,7.6,1.01,0.62,4.9,,
124006,O,7.7,0.81,0.81,6.4,,
124006,I,7.8,0.6,0.7,7.2,23-08-2021,
122963,O,7.9,0.35,0.5,7,,
122963,I,8,0.31,0.5,7.2,,
122630,O,8,0.32,0.4,6,,
122630,I,8,0.28,0.5,6.2,,
122746,O,7.9,0.35,0.6,8.3,,
122746,I,7.9,0.31,0.59,8,,
122964,O,7.7,0.52,0.62,8.5,,
122964,I,7.6,0.49,0.6,8,,
122947,O,7.5,0.29,0.35,6.2,,
122947,I,7.5,0.21,0.3,6,,
122937,O,7.9,0.33,0.5,5.7,,
122937,I,7.8,0.36,0.5,5.4,,
122753,O,7.8,0.53,0.52,6.8,,
122753,I,7.9,0.77,0.5,8,,
122939,O,7.8,0.31,0.47,8.5,,
122939,I,7.8,0.32,0.5,8.4,,
122936,O,7.7,0.28,0.55,10.2,,
122936,I,7.6,0.26,0.5,10,,
123044,O,7.6,0.21,0.41,8.2,,
123044,I,7.6,0.22,0.43,8.4,,
124188,O,8.1,0.85,0.57,6.6,,
124188,I,8.2,0.77,0.63,6.4,,
124220,O,8.1,0.69,0.43,6,,
124220,I,8.1,0.65,0.47,6.3,,
110872,O,8.2,0.23,0.52,5.5,,
110872,I,8.2,0.21,0.5,5,,
123983,O,7.9,0.582,0.63,10.2,,
123983,I,7.9,0.59,0.62,9.7,,
124007,O,8.1,0.63,0.57,8.5,,
124007,I,8.2,0.61,0.54,8.2,,
123696,O,8,0.63,0.62,8.2,,
123696,I,8,0.75,0.6,8,,
123724,O,8,0.43,0.57,6.8,,
123724,I,8,0.38,0.55,6,,
123714,O,8.3,0.24,0.43,5.5,,
123714,I,8.2,0.31,0.41,6,,
123045,O,8.1,0.18,0.47,5.2,,
123045,I,8.1,0.19,0.45,5,,
122761,O,7.9,1.93,0.52,6.6,,
122761,I,7.9,1.9,0.5,6.1,,
122847,O,8.2,0.58,0.45,5.5,,
122847,I,8.2,0.57,0.44,5,,
122934,O,7.5,1.98,0.41,8.4,,
122934,I,7.5,1.8,0.4,8,,
122790,O,7.7,1.5,0.43,6,,
122790,I,7.7,1.47,0.47,3.5,,
123064,O,8.3,0.16,0.35,6.5,,
123064,I,8.2,0.17,0.38,6.2,,
122879,O,7.8,0.81,0.54,5.5,,
122879,I,7.8,0.93,0.51,5,.,
122792,O,8,0.58,0.4,7.4,,
122792,I,8,0.56,0.38,7,,
122922,O,8.2,0.54,0.48,5,,
122922,I,8.1,0.47,0.47,4.5,,
122906,O,7.4,2.1,0.84,6.3,,
122906,I,7.4,2,0.77,5.5,,
122907,O,7.5,2.5,0.65,8,,
122907,I,7.5,2.3,0.69,7.5,,
122911,O,7.9,0.63,0.55,6.5,,
122911,I,7.9,0.61,0.52,7,,
122941,O,7.9,0.35,0.62,8.8,,
122941,I,7.9,0.31,0.6,8.5,,
122936,O,8.3,0.25,0.43,5.5,,
122936,I,8.3,0.23,0.4,5,,
123045,O,8.4,0.12,0.31,4.4,,
123045,I,8.3,0.18,0.26,4,,
122938,O,7.6,0.78,0.41,6.1,,
122938,I,7.6,0.73,0.4,5.5,,
122741,O,7.7,0.24,0.31,3.5,,
122741,I,7.7,0.25,0.3,3.2,,
122934,O,7.9,0.84,0.28,3,,
122934,I,7.9,0.8,0.28,3.5,,
122935,O,8.1,0.43,0.2,3.7,,
122935,I,8.1,0.41,0.19,4,,
122737,O,8.2,0.23,0.24,3.2,,
122737,I,8.2,0.26,0.35,3.5,,
122938,O,8.1,0.14,0.48,3.6,,
122938,I,8.1,0.15,0.41,3.8,,
123944,O,8,0.49,0.4,3.2,,
123944,I,8,0.45,0.39,3,,
123941,O,7.8,0.34,0.3,4,,
122941,I,7.8,0.32,0.29,3.5,,
123369,O,8.2,0.69,0.32,3,,
123369,I,8.2,0.54,0.3,3.1,,
123098,O,7.6,4.1,0.29,3.2,,
123098,I,7.7,4,0.25,3.3,,
123944,O,8,0.86,0.26,3,,
123944,I,8,0.83,0.24,3.5,,
123356,O,7.9,0.17,0.26,4.5,,
123356,I,7.9,0.15,0.2,3.5,,
123364,O,8.1,0.27,0.31,4,,
123364,I,8.1,0.25,0.26,3.7,,
123096,O,7.9,0.19,0.3,3,,
123096,I,7.9,0.17,0.29,3.2,,
123099,O,8,0.13,0.28,3.5,,
123099,I,8,0.15,0.2,3.7,,
123339,O,8,0.64,0.31,3.4,,
123339,I,8,0.48,0.29,4.5,,
123452,O,7.8,0.18,0.31,4.1,,
123452,I,7.8,0.19,0.3,3.7,,
123455,O,7.7,0.45,0.29,3.2,,
123455,I,7.7,0.4,0.26,3.5,,
124008,O,7.8,0.82,0.62,4.7,,
124008,I,7.7,0.71,0.6,5.5,,
124190,O,7.8,0.6,0.54,5.3,,
124190,I,7.6,0.65,0.55,5.1,,
124009,O,7.5,0.83,0.5,5.5,,
124009,I,7.5,1.02,0.52,5.5,,
124191,O,7.6,1.4,0.57,5.6,,
124191,I,7.6,1.23,0.55,6.2,,
124192,O,7.5,1.01,0.48,6.5,,
124192,I,7.6,0.54,0.51,5.5,,
124191,O,7.6,0.34,0.5,5,,
124191,I,7.7,0.85,0.52,5.2,,
124192,O,7.6,0.55,0.57,5.5,,
124192,I,7.7,0.88,0.41,4.8,,
124194,O,7.8,0.62,0.47,5.1,,
124194,I,7.7,1.3,0.64,5.1,,
124193,O,7.7,0.92,0.6,5.4,,
124193,I,7.5,1.2,0.58,5.2,,
124195,O,7.6,0.92,0.4,5.5,,
124195,I,7.6,1.1,0.41,5.6,,
124197,O,7.4,0.95,0.43,5.4,,
124197,I,7.8,1.09,0.44,5.2,,
124196,O,7.9,1.01,0.5,5,,
124196,I,7.9,0.94,0.52,5.2,,
124207,O,7.9,0.96,0.49,5,,
124207,I,7.8,1.22,0.52,4.6,,
124209,O,7.6,0.96,0.57,4.5,,
124209,I,7.8,1.09,0.6,5.2,,
124208,O,7.9,1,0.5,5.5,,
124208,I,7.5,1.01,0.52,4.4,,
124210,O,7.7,0.93,0.62,4.5,,
124210,I,7.8,0.93,0.61,5,,
124212,O,7.6,0.73,0.62,5.2,,
124212,I,7.9,0.75,0.65,5.5,,
124211,O,7.8,0.93,0.81,5,,
124211,I,7.7,1.93,0.78,4.6,,
124213,O,7.7,1.74,0.62,4.1,,
124213,I,7.5,1.21,0.6,4.5,,
124215,O,7.6,1.1,0.87,4.7,,
124215,I,7.4,1.03,0.85,4.3,,
124214,O,7.6,0.97,0.66,4.5,,
124214,I,7.8,1.12,0.64,4.9,,
124216,O,7.8,0.98,0.62,5.1,,
124216,I,7.8,1.02,0.6,4.8,,
124236,O,7.8,0.97,0.61,5,,
124236,I,7.6,0.93,0.6,4.8,,
124217,O,8,1.08,0.34,4.2,,
124217,I,7.6,0.91,0.41,5.2,,
124237,O,7.8,0.88,0.72,5.5,,
124237,I,7.8,1.01,0.67,5.2,,
124239,O,7.8,0.8,0.62,5.3,,
124239,I,7.8,0.82,0.52,5.6,,
124238,O,7.9,0.61,0.67,4,,
124238,I,7.9,0.431,0.6,4.2,,
124240,O,7.9,0.45,0.57,4.1,,
124240,I,7.8,1.12,0.56,4.2,,
110641,O,7.6,1.29,0.78,5,,
110641,I,7.6,0.9,0.72,4.2,,
124241,O,7.6,0.93,0.62,4.6,,
124241,I,7.6,0.96,0.26,4.8,,
110642,O,7.8,1.14,0.21,5.8,,
110642,I,7.8,1.12,0.51,4.8,,
110645,O,7.7,1.21,0.5,4.5,,
110645,I,7.7,0.32,0.52,4.6,,
110644,O,7.7,0.351,0.57,4.9,,
110644,I,7.8,1.13,0.41,5,,
110646,O,7.8,1.41,0.47,4.2,,
110646,I,7.8,0.98,0.64,4.5,,
110649,O,7.9,1.25,0.6,4.2,,
110649,I,7.9,1.14,0.58,4,,
110648,O,7.9,1.67,0.4,4.1,,
110648,I,7.8,1.62,0.41,4.2,,
110657,O,7.7,0.83,0.43,5,,
110657,I,7.6,0.71,0.44,5.2,,
110660,O,7.7,0.96,0.5,5.4,,
110660,I,7.7,0.85,0.52,4.9,,
110658,O,7.7,0.89,0.49,4,,
110658,I,7.8,0.91,0.52,4.2,,
110664,O,7.7,0.81,0.57,4.3,,
110664,I,7.8,0.96,0.6,4.6,,
110667,O,7.8,1.23,0.5,4.2,,
110667,I,7.8,1.68,0.52,4.3,,
110665,O,7.8,0.94,0.62,4.5,,
110665,I,7.7,1.6,0.61,4.6,,
110745,O,7.9,1.76,0.62,5,,
110745,I,7.9,1.95,0.65,5.2,,
110749,O,8,1.69,0.81,4.8,,
110749,I,7.9,1.5,0.78,4.6,,
110747,O,7.6,2.26,0.62,4.4,,
110747,I,7.6,1.95,0.6,4.2,,
110750,O,7.6,0.93,0.87,4.5,,
110750,I,7.6,1.01,0.85,4.6,,
110761,O,7.7,2.07,0.66,5.2,,
110761,I,7.7,2.17,0.64,5.2,,
110753,O,7.7,1.16,0.62,6.7,,
110753,I,7.9,1.29,0.6,6.5,,
110860,O,7.8,2.46,0.61,8.8,,
110860,I,7.7,0.85,0.6,7.6,,
110869,O,7.7,0.67,0.34,6.4,,
110869,I,7.7,0.44,0.41,8.5,,
110868,O,7.5,0.53,0.72,11.8,,
110868,I,7.4,1.13,0.67,5.5,,
110870,O,7.4,1.08,0.62,5.4,,
110870,I,7.5,0.98,0.52,4.9,,
110883,O,8.1,0.85,0.67,4.6,,
110883,I,7.9,1.02,0.6,8.2,,
110873,O,8,0.86,0.57,7.5,,
110873,I,7.9,0.82,0.56,5.5,,
111000,O,7.5,1.55,0.78,5,,
111000,I,7.4,1.01,0.72,6.3,,
123678,O,7.4,0.96,0.62,6.6,,
123678,I,7.5,1.05,0.26,9,,
111016,O,8,0.86,0.21,8.4,,
111016,I,8.1,0.96,0.3,6.6,,
123721,O,7.9,1.72,0.5,6.8,,
123721,I,7.9,1.14,0.4,5.6,,
123723,O,7.8,1.72,0.6,6.1,,
123723,I,7.7,1.88,0.69,5.3,,
123722,O,7.7,1.05,0.7,5,,
123722,I,7.8,1.35,0.58,7.5,,
123724,O,7.7,2.08,0.55,6,,
123724,I,7.7,1.5,0.87,5.5,,
123911,O,7.8,1.1,0.9,5,,
123911,I,7.8,1.01,0.35,4.3,,
123725,O,7.5,0.81,0.3,5,,
123725,I,7.6,0.6,0.7,8.5,,
123926,O,7.6,0.5,0.7,8,,
123926,I,7.6,0.56,1.01,5.2,,
123928,O,7.7,0.68,1,5,,
123928,I,7.4,0.65,0.46,7.2,,
123927,O,7.4,0.65,0.49,7,,
123927,I,7.4,0.345,0.9,5.5,,
123942,O,7.4,0.361,0.94,5,,
123942,I,7.4,0.271,0.64,5.7,,
123945,O,7.5,0.282,0.6,6,,
123945,I,7.8,0.18,0.54,4.3,,
123944,O,7.9,0.19,0.5,4.4,,
123944,I,7.9,0.409,0.43,4.6,,
123946,O,8,0.45,0.4,4.5,,
123946,I,7.9,0.324,0.5,7.2,,
123948,O,9.8,0.351,0.47,5.6,,
123948,I,7.8,0.249,0.6,5.8,,
123947,O,7.9,0.262,0.58,5.5,,
123947,I,8,0.285,0.47,6.2,,
123949,O,8,0.3,0.45,6.1,,
123949,I,8,0.396,0.54,5,,
123970,O,8.1,0.401,0.55,4.7,,
123970,I,7.8,0.44,0.38,4.8,,
123952,O,7.7,0.46,0.3,4.5,,
123952,I,7.8,0.525,0.47,5.2,,
123973,O,8,0.551,0.56,5.3,,
123973,I,8,0.554,0.67,5.3,,
123972,O,8,0.52,0.62,5.6,,
123972,I,7.8,0.735,0.72,4,,
124182,O,8.1,0.614,0.62,4.2,,
124182,I,8,0.408,0.26,4.1,,
124184,O,8,0.315,0.21,4.2,,
124184,I,8,0.23,0.36,5,,
124183,O,8.2,0.125,0.26,4.2,,
124183,I,8.1,0.21,0.52,4.6,,
124185,O,8.1,0.185,0.57,4.8,,
124185,I,8.2,0.35,0.52,5.8,,
124187,O,8.3,0.31,0.47,4.8,,
124187,I,8.3,0.515,0.57,4.5,,
124186,O,8.2,0.466,0.62,4.6,,
124186,I,8.3,0.99,0.72,4.9,,
124188,O,8,0.83,0.67,5,,
124188,I,7.9,0.56,0.47,4.2,,
124198,O,8,0.61,0.41,4.5,,
124198,I,8,0.34,0.52,4.2,,
124189,O,8,0.35,0.57,4,,
124189,I,8,0.63,0.26,4.1,,
124199,O,8,0.52,0.41,4.2,,
124199,I,8,0.91,0.36,5,,
124201,O,8.2,0.76,0.21,5.2,,
124201,I,8.2,0.96,0.52,5.4,,
124200,O,8.1,0.87,0.57,4.9,,
124200,I,8.2,0.89,0.41,4,,
124202,O,8,0.64,0.47,4.2,,
124202,I,7.9,0.81,0.26,4.3,,
124205,O,8,0.96,0.21,4.6,,
124205,I,7.9,0.86,0.31,4.2,,
124203,O,8,0.95,0.36,4.3,,
124203,I,8,0.94,0.31,4.5,,
124206,O,8.1,0.65,0.41,4.6,,
124206,I,8,0.6,0.31,5,,
124219,O,7.9,0.56,0.26,5.2,,
124219,I,8,0.9,0.52,4.8,,
124218,O,8.2,1.01,0.47,4.6,,
124218,I,8,1.01,0.52,4.4,,
124220,O,8,0.97,0.57,4.2,,
124220,I,7.7,0.93,0.78,4.5,,
124222,O,7.7,1.01,0.93,4.6,,
124222,I,7.8,1.5,0.52,5.2,,
124221,O,8,1.03,0.62,5.2,,
124221,I,8.2,0.84,0.78,4.4,,
124223,O,8.2,0.92,0.62,6.5,,
124223,I,8,1.02,0.78,8.8,,
124225,O,7.3,1.1,0.6,4.9,,
124225,I,7.5,1.05,0.53,4.7,,
124224,O,7.4,0.98,0.62,5.5,,
124224,I,7.3,1.21,0.81,5.3,,
124226,O,7.6,1.13,0.7,5.1,,
124226,I,7.8,1.08,0.62,5.5,,
124228,O,7.6,0.98,0.26,5.5,,
124228,I,7.8,0.85,0.21,5.6,,
124227,O,7.7,1.02,0.36,6.2,,
124227,I,7.7,0.86,0.26,6.5,,
124229,O,7.7,0.82,0.52,5.5,,
124229,I,7.3,1.55,0.62,5,,
124231,O,7.6,1.01,0.26,5.2,,
124231,I,7.7,0.96,0.21,5.5,,
124230,O,7.8,1.05,0.36,4.8,,
124230,I,7.7,0.86,0.3,5.1,,
124232,O,7.7,0.96,0.52,5.1,,
124232,I,7.8,1.72,0.62,5.4,,
124234,O,7.6,1.14,0.5,5.2,,
124234,I,7.7,1.72,0.5,5.5,,
124233,O,7.8,1.88,0.36,5.6,,
124233,I,7.8,1.05,4.4,5.4,,
124235,O,7.8,1.35,0.52,5.2,,
124235,I,7.9,0.96,0.62,5,,
124243,O,7.9,0.76,0.65,5.2,,
124243,I,7.7,1.1,0.6,5,,
124242,O,7.8,1.01,0.36,4.6,,
124242,I,7.9,0.81,0.4,4.5,,
124244,O,7.8,0.6,0.52,5.2,,
124244,I,7.7,0.45,0.5,5.5,,
122777,O,7.6,0.16,0.6,6.2,,"Sep-Oct, 2021"
122777,I,7.7,0.22,0.6,6,,
123013,O,7.5,7.46,0.5,5,,
123013,I,7.6,7.42,0.5,4.8,,
122728,O,7.7,0.14,0.4,5.5,,
122728,I,7.8,0.15,0.3,5,,
122888,O,7.8,0.2,0.5,4.3,,
122888,I,7.9,0.26,0.5,4.7,,
122814,O,7.6,0.73,0.5,5.4,,
122814,I,7.7,0.69,0.6,5.2,,
122816,O,7.6,0.55,0.4,6.2,,
122816,I,7.7,0.51,0.4,5.4,,
122775,O,8,0.24,0.3,5.4,,
122775,I,8,0.23,0.4,5.6,,
122709,O,7.9,0.25,0.4,5.3,,
122709,I,7.9,0.25,0.5,5.1,,
122700,O,8,1.3,0.4,5.3,,
122700,I,8,1.25,0.4,5.5,,
122639,O,7.9,1.92,0.5,4.4,,
122639,I,8.1,1.98,0.4,4,,
122889,O,7.9,1.87,0.6,5.5,,
122889,I,7.8,1.77,0.5,6.1,,
122726,O,7.9,0.13,0.4,5.6,,
122726,I,7.8,0.12,0.4,5.2,,
123035,O,7.9,0.92,0.5,5.2,,
123035,I,7.9,0.85,0.4,5,,
122716,O,7.9,0.46,0.5,5,,
122716,I,7.9,0.42,0.5,4.8,,
123036,O,7.9,0.2,0.4,5.2,,
123036,I,8,0.16,0.4,5,,
122713,O,8.1,0.15,0.3,3,,
122713,I,7.8,1.64,0.5,6,,
122701,O,8.1,3.93,0.3,5.2,,
122701,I,8,3.91,0.4,5.5,,
122748,O,7.7,3.41,0.3,5,,
122748,I,7.7,3.39,0.4,4.8,,
122810,O,8.1,2.18,0.4,5.5,,
122810,I,8,2.2,0.4,5.3,,
122612,O,8.1,0.34,0.5,5,,
122612,I,8,0.32,0.4,4.6,,
122712,O,8,0.29,0.4,5.3,,
122712,I,7.9,0.16,0.3,5,,
122630,O,7.9,0.37,0.6,5.5,,
122630,I,7.9,0.35,0.5,5.1,,
123617,O,7.9,0.1,0.3,5,,
123617,I,7.9,0.13,0.3,4.7,,
122641,O,8,1.3,0.4,4.4,,
122641,I,8,1.26,0.3,4,,
122720,O,7.9,0.88,0.5,5.1,,
122720,I,7.9,0.85,0.5,4.8,,
122714,O,8,0.22,0.4,6,,
122714,I,7.9,0.24,0.3,5.8,,
122776,O,8,0.2,0.4,4.4,,
122776,I,8,0.19,0.3,4,,
122704,O,8.1,0.25,0.5,5.2,,
122704,I,8,0.23,0.5,5.7,,
123002,O,8,1.75,0.5,7.4,,
123002,I,7.9,1.7,0.6,6.8,,
122166,O,8.3,0.25,0.6,5.4,,
122166,I,8.3,0.23,0.5,5.3,,
122640,O,8.2,0.82,0.5,5.5,,
122640,I,8.1,0.8,0.6,5.1,,
122599,O,8.3,0.42,0.6,6.8,,
122599,I,8.2,0.4,0.5,7.1,,
122581,O,8.2,0.26,0.4,6.8,,
122581,I,8.2,0.25,0.4,6,,
122584,O,8.1,0.81,0.3,6.3,,
122584,I,8.2,0.98,0.3,6.5,,
122638,O,7.8,2.4,0.5,6.2,,
122638,I,7.9,2.38,0.6,5.8,,
122832,O,8.3,0.25,0.6,7.1,,
122832,I,8.2,0.23,0.5,6.8,,
122831,O,7.9,0.59,0.6,6.2,,
122831,I,7.9,0.56,0.5,5.3,,
122666,O,8,0.2,0.4,5.4,,
122666,I,7.9,0.19,0.4,5.8,,
122670,O,8,1.1,0.5,6.1,,
122670,I,8,1.07,0.5,5.3,,
122325,O,7.9,0.77,0.5,6.5,,
123325,I,7.9,0.75,0.7,8.3,,
122669,O,8,0.18,0.4,7.4,,
122669,I,7.9,0.15,0.3,7.2,,
122770,O,7.9,0.25,0.5,7.7,,
122770,I,8,0.23,0.5,7,,
122758,O,7.6,1.79,0.5,7.2,,
122758,I,7.7,1.74,0.5,7.5,,
122975,O,7.6,0.65,0.7,4.5,,
122975,I,7.7,0.62,0.6,5.3,,
122671,O,7.9,0.2,0.6,7,,
122671,I,7.8,0.17,0.5,7.2,,
122579,O,7.9,0.54,0.4,3.2,,
122579,I,7.8,0.51,0.4,4.1,,
123014,O,7.7,0.14,0.7,3.7,,
123014,I,7.8,0.13,0.7,4,,
122710,O,7.8,0.13,0.6,3.5,,
122710,I,7.9,0.11,0.5,3.9,,
122583,O,7.8,0.2,0.5,4.5,,
122583,I,7.9,0.2,0.4,3.7,,
122667,O,7.9,0.13,0.4,3.9,,
122667,I,7.7,0.11,0.4,6,,
122578,O,7.8,0.35,0.3,4.8,,
122578,I,7.9,0.31,0.4,5.1,,
122706,O,8,0.23,0.4,5.6,,
122706,I,8,0.2,0.3,5.5,,
122635,O,7.8,0.16,0.5,6.3,,
122635,I,7.6,0.16,0.7,6.1,,
122623,O,7.6,6.2,0.5,7.2,,
122623,I,7.4,5.9,0.6,7.8,,
122626,O,7.5,0.5,0.5,7.5,,
122626,I,7.6,0.48,0.5,8,,
122764,O,7.9,0.41,0.4,8.3,,
122764,I,7.8,0.3,0.5,7,,
122625,O,7.6,0.66,0.3,7.1,,
122625,I,7.7,0.71,0.3,6.1,,
123054,O,7.8,0.24,0.5,9.5,,
123054,I,7.8,0.2,0.5,4.2,,
122910,O,7.8,0.19,0.5,5.7,,
122910,I,7.8,0.25,0.5,5.4,,
122922,O,7.8,0.23,0.4,4.6,,
122922,I,7.6,0.2,0.5,5.2,,
122637,O,7.7,1.7,0.7,5.7,,
122637,I,7.6,1.69,0.6,6.1,,
122754,O,7.8,0.8,0.4,5.4,,
122754,I,7.8,0.82,0.4,7.5,,
123056,O,7.9,0.8,0.5,6.9,,
123056,I,7.9,0.79,0.5,9.2,,
122880,O,8.2,0.4,0.3,7.3,,
122880,I,8.2,0.26,0.5,7,,
122841,O,7.7,0.25,0.7,6.8,,
122841,I,7.7,0.81,0.5,5.2,,
122942,O,7.6,0.98,0.6,6.5,,
122942,I,7.7,0.24,0.6,6,,
122905,O,7.5,0.2,0.2,5.8,,
122905,I,7.6,0.19,0.5,6.8,,
122792,O,7.7,0.25,0.6,7.3,,
122792,I,7.8,0.23,0.6,6,,
122632,O,7.8,1.75,0.5,5.6,,
122632,I,7.9,1.7,0.4,5.5,,
122885,O,7.6,0.82,0.7,5.1,,
122885,I,7.7,0.8,0.7,4.5,,
122636,O,7.7,0.42,0.6,5.7,,
122636,I,7.7,0.4,0.6,7.1,,
122643,O,7.6,0.26,0.5,6.5,,
122643,I,7.7,0.25,0.6,6,,
110769,O,8.1,0.81,0.5,5.8,,
110769,I,8,0.98,0.5,5,,
123668,O,7.9,0.53,0.4,6.9,,
123668,I,7.9,0.5,0.4,6.4,,
110889,O,7.9,0.43,0.6,4.8,,
110889,I,8.1,0.4,0.6,5.5,,
123981,O,7.8,0.7,0.5,6.5,,
123981,I,7.9,0.68,0.5,7,,
123977,O,7.7,0.33,0.5,7.7,,
123977,I,7.7,0.3,0.4,8.1,,
124186,O,7.8,0.27,0.5,6.1,,
124186,I,7.8,0.26,0.5,6,,
124003,O,7.6,0.16,0.4,4.5,,
124003,I,7.6,0.13,0.4,5,,
123971,O,7.8,7.3,0.8,9,,
123971,I,7.8,7.3,0.8,0.8,,
123966,O,7.8,0.43,0.6,6.9,,
123966,I,7.8,0.41,0.6,7.2,,
123456,O,7.9,0.31,0.7,8.6,,
123456,I,7.8,0.28,0.6,8,,
123097,O,7.9,0.29,0.5,6.6,,
123097,I,7.9,0.3,0.5,6.3,,
123457,O,7.8,0.25,0.4,5.7,,
123457,I,7.8,0.23,0.4,3.3,,
123450,O,7.5,0.27,0.5,7.3,,
123450,I,7.6,0.25,0.5,7,,
123840,O,7.6,0.28,0.6,6.5,,
123840,I,7.6,0.26,0.4,6.2,,
123355,O,7.5,0.28,0.5,5.1,,
123355,I,7.5,0.28,0.5,5.4,,
123354,O,8.2,0.21,0.4,6.9,,
123354,I,8.1,0.2,0.5,7,,
123091,O,8.1,0.19,0.5,7.1,,
123091,I,8,0.18,0.5,6.6,,
123095,O,7.8,0.2,0.5,5.4,,
123095,I,7.8,0.22,0.4,4.3,,
123453,O,7.8,0.31,0.6,4.8,,
123453,I,7.6,0.3,0.6,5,,
123339,O,7.7,0.19,0.5,5.4,,
123339,I,7.6,0.21,0.6,6,,
123365,O,7.8,0.51,0.5,7.1,,
123365,I,7.8,0.49,0.5,6.8,,
123455,O,7.6,0.4,0.4,5.5,,
123455,I,7.7,0.38,0.6,6,,
122626,O,7.7,0.5,0.5,7.1,,
122626,I,7.7,0.49,0.5,6.6,,
122764,O,7.8,0.33,0.5,5.4,,
122764,I,7.8,0.3,0.4,4.3,,
122625,O,7.8,0.66,0.5,5.4,,
122625,I,7.9,0.68,0.5,6,,
122816,O,7.7,1.24,0.6,7.1,,
122816,I,7.5,1.27,0.5,6.8,,
122707,O,7.7,1.94,0.5,5.5,,
122707,I,7.6,1.92,0.6,6,,
122712,O,7.8,0.98,0.6,6.5,,
122712,I,8,0.96,0.5,6.1,,
122698,O,7.7,9.1,0.3,4.1,,
122698,I,7.7,9.3,0.4,3.7,,
122699,O,7.8,15.1,0.4,3.6,,
122699,I,7.9,15.6,0.4,5.1,,
122339,O,7.7,1.45,0.6,3.9,,
122339,I,7.7,1.4,0.5,5.1,,
122749,O,7.9,1.15,0.6,4.6,,
122749,I,7.9,1.12,0.5,5.8,,
122711,O,7.9,0.96,0.6,7.1,,
122711,I,7.8,0.93,0.7,6.6,,
122708,O,7.5,1.21,0.5,4.8,,
122708,I,7.5,1.19,0.4,5,,
122817,O,7.8,1.05,0.7,5.4,,
122817,I,7.8,0.94,0.6,6,,
122719,O,7.8,0.16,0.4,7.1,,
122719,I,7.8,0.23,0.5,6.8,,
122813,O,7.8,1.3,0.7,5.5,,
122813,I,7.6,1.34,0.6,6,,
122728,O,7.7,0.2,0.5,6.5,,
122728,I,7.6,0.19,0.4,6.1,,
122814,O,7.8,0.51,0.6,7.2,,
122814,I,7.8,0.5,0.6,7,,
122854,O,7.9,1.07,0.7,6.2,,
122854,I,7.9,1.01,0.6,8.1,,
110644,O,8.2,0.34,0.7,6.9,,
110644,I,8.2,0.31,0.7,5.8,,
123699,O,7.7,0.3,0.6,5.7,,
123699,I,7.7,0.28,0.5,7.1,,
123975,O,8.1,0.58,0.5,6.6,,
123975,I,8,0.6,0.4,5.4,,
123962,O,7.7,0.6,0.7,4.3,,
123962,I,7.7,0.58,0.6,4.8,,
123992,O,7.9,0.52,0.4,5,,
123992,I,7.9,0.5,0.5,5.4,,
123701,O,7.9,1,0.5,6,,
123701,I,7.9,0.93,0.6,7.1,,
123953,O,8,0.97,0.4,6.8,,
123953,I,8.1,0.92,0.4,5.5,,
110640,O,8,1.6,0.5,6,,
110640,I,8,1.66,0.4,6.5,,
123680,O,7.9,0.32,0.5,6.1,,
123680,I,7.9,0.3,0.5,7.2,,
110645,O,8,0.27,0.4,7,,
110645,I,8,0.21,0.4,7.1,,
123987,O,7.9,1.5,0.6,6.6,,
123987,I,7.9,1.47,0.6,5.4,,
110870,O,7.8,1.2,0.3,4.3,,
110870,I,7.8,1.18,0.5,4.8,,
110763,O,8.3,0.41,0.5,5,,
110763,I,8.3,0.4,0.3,5.4,,
110866,O,8.06,0.2,0.5,6,,
110866,I,8,0.21,0.5,7.1,,
123959,O,8.2,0.55,0.3,6.8,,
123959,I,8.2,0.48,0.3,5.5,,
123966,O,7.9,0.27,0.5,6,,
123966,I,7.9,0.3,0.4,6.5,,
123981,O,8,0.49,0.5,6.1,,
123981,I,8,0.48,0.5,7.2,,
123004,O,8.1,0.66,0.3,7,,
123004,I,8.1,0.63,0.4,7.7,,
124056,O,7.9,0.86,0.5,5.8,,
124056,I,7.9,0.84,0.5,4.5,,
110644,O,7.8,1.23,0.5,3.5,,
110644,I,7.8,1.2,0.5,3.2,,
123988,O,7.9,0.42,0.5,4.2,,
123988,I,7.9,0.48,0.4,5.2,,
123985,O,7.9,0.25,0.5,3.5,,
123985,I,7.8,0.22,0.5,4.5,,
123700,O,8,0.43,0.5,4.5,,
123700,I,8,0.4,0.4,5.3,,
109811,O,8.3,0.64,0.5,5.4,,
109811,I,8.3,0.63,0.5,6.2,,
110061,O,8,0.19,0.3,6.3,,
110061,I,8,0.16,0.4,6.2,,
110062,O,8.2,0.16,0.3,5.4,,
110062,I,8.2,0.14,0.5,4.3,,
110065,O,8.2,0.27,0.4,5.5,,
110065,I,8,0.24,0.5,5,,
110994,O,7.7,0.13,0.5,4.3,,
110994,I,7.5,0.12,0.5,4,,
109481,O,7.8,0.27,0.3,6.1,,
109481,I,7.8,0.25,0.5,5.7,,
110737,O,8,0.12,0.5,5.2,,
110737,I,7.9,0.13,0.5,5.9,,
110774,O,7.9,0.26,0.5,5.3,,
110774,I,7.9,0.24,0.3,4.4,,
110119,O,7.7,0.22,0.5,5.2,,
110119,I,7.6,0.21,0.2,5.6,,
110991,O,7.8,0.22,0.5,4.3,,
110991,I,7.8,0.2,0.5,5.1,,
110775,O,7.7,0.2,0.5,5.5,,
110775,I,7.5,0.18,0.3,4.4,,
110893,O,8.3,0.26,0.5,5.3,,
110893,I,8.4,0.22,0.5,5.1,,
110895,O,8.2,0.12,0.5,4.8,,
110895,I,8.4,0.13,0.5,4.6,,
110735,O,8.1,0.13,0.3,5.8,,
110735,I,8,0.15,0.5,6.1,,
122791,O,7.9,0.72,0.2,5.5,,
122791,I,7.9,0.71,0.5,5.7,,
122838,O,7.8,0.95,0.5,5.1,,
122838,I,7.8,0.85,0.5,5.6,,
110738,O,7.9,0.13,0.3,4.3,,
110738,I,7.9,0.14,0.5,4.8,,
110987,O,7.9,0.17,0.5,4.7,,
110987,I,7.8,0.18,0.5,5.3,,
123054,O,8.1,0.5,0.5,4.9,,
123054,I,8.1,0.48,0.3,8.3,,
122633,O,8,1.26,0.5,6.1,,
122633,I,7.9,1.25,0.2,4.3,,
122905,O,7.9,0.21,0.5,5.8,,
122905,I,7.8,0.24,0.4,6.8,,
122769,O,7.7,0.43,0.5,7,,
122769,I,7.7,0.42,0.5,7.4,,
122759,O,7.8,2.3,0.6,5.4,,
122759,I,7.9,2.4,0.5,6.9,,
123057,O,8.3,0.34,0.5,3.6,,
123057,I,8.2,0.31,0.5,6.5,,
122977,O,7.9,0.9,0.6,5.1,,
122977,I,7.9,0.88,0.5,4.5,,
122791,O,8.1,0.93,0.4,4.1,,
122791,I,8,0.92,0.6,3.6,,
122886,O,8,0.62,0.4,5.3,,
122886,I,7.9,0.64,0.6,5.5,,
122908,O,7.8,1.34,0.6,7.4,,
122908,I,7.9,1.36,0.7,7,,
122760,O,8.1,1.17,0.5,6.2,,
122760,I,8.1,1.16,0.4,6,,
122943,O,8,0.58,0.4,6.2,,
122943,I,8,0.57,0.5,6.3,,
122910,O,8,0.74,0.6,5.4,,
122910,I,8.1,0.72,0.6,5.4,,
122911,O,8,0.25,0.5,5.3,,
122911,I,8.1,0.23,0.6,5.5,,
122636,O,8.2,0.38,0.4,5,,
122636,I,8.3,0.36,0.3,4.3,,
122894,O,8.2,0.67,0.3,5.5,,
122894,I,8.2,0.64,0.4,6.1,,
122637,O,8,1.56,0.5,5.7,,
122637,I,8,1.54,0.5,5.2,,
122904,O,8,0.21,0.4,5.9,,
122904,I,7.9,0.2,0.5,5.3,,
122879,O,8,0.7,0.4,4.4,,
122879,I,8,0.68,0.6,5.2,,
122643,O,8.1,0.58,0.4,5.6,,
122643,I,8.2,0.55,0.5,4.3,,
122896,O,7.5,1.52,0.7,5.1,,
122896,I,7.6,1.5,0.6,5.5,,
122841,O,7.6,0.61,0.6,4.4,,
122841,I,7.7,0.6,0.6,5.3,,
122847,O,7.7,0.43,0.8,6.2,,
122847,I,7.7,0.46,0.6,5.8,,
111021,O,7.6,0.11,0.4,6.1,,
111021,I,7.8,0.12,0.5,5.5,,
110774,O,7.9,0.16,0.5,5.7,,
110774,I,7.8,0.15,0.5,5.1,,
110734,O,8.2,0.17,0.5,5.6,,
110734,I,8.3,0.14,0.4,5.3,,
122943,O,7.8,1.09,0.6,4.8,,
122943,I,7.8,1.11,0.7,4.7,,
110992,O,7.7,0.2,0.6,5.3,,
110992,I,7.6,0.18,0.6,4.9,,
110779,O,8.2,0.19,0.5,8.3,,
110779,I,8.1,0.2,0.4,6.1,,
110775,O,7.7,0.22,0.4,4.3,,
110775,I,7.7,0.23,0.5,5.8,,
122915,O,7.7,0.58,0.5,6.8,,
122915,I,7.9,0.55,0.6,3.1,,
122878,O,8,0.31,0.7,7.4,,
1222878,I,8,0.29,0.6,5.4,,
123059,O,7.8,1.4,0.6,6.9,,
123059,I,7.9,1.36,0.6,6.2,,
122914,O,7.8,1.23,0.7,6.3,,
122914,I,7.9,1.2,0.5,6.2,,
122767,O,7.5,11.1,0.6,5.4,,
122767,I,7.7,11.5,0.6,4.3,,
122924,O,7.8,2.9,0.6,5.5,,
122924,I,7.8,2.8,0.5,5,,
122904,O,7.9,0.51,0.5,4.3,,
122904,I,7.9,0.5,0.4,4,,
122945,O,7.9,1.17,0.5,6.1,,
122945,I,7.9,1.09,0.4,5.7,,
122908,O,7.7,1.72,0.6,5.2,,
122908,I,7.5,1.71,0.7,5.9,,
122789,O,8,1.6,0.6,5.3,,
122789,I,7.9,1.65,0.6,4.4,,
122787,O,7.8,0.79,0.8,5.2,,
122787,I,7.8,0.8,0.8,5.6,,
122633,O,7.9,0.98,0.4,4.3,,
122633,I,7.9,0.97,0.6,5.1,,
122789,O,8,1.33,0.5,5.5,,
122789,I,8,1.34,0.5,4.4,,
123056,O,7.8,1.15,0.7,5.3,,
123056,I,7.8,1.13,0.6,5.1,,
123055,O,7.8,0.33,0.6,4.8,,
123055,I,7.9,0.15,0.6,4.6,,
122977,O,7.9,0.34,0.4,5.8,,
122977,I,7.9,0.32,0.5,6.1,,
122878,O,7.9,0.32,0.5,5.5,,
122878,I,7.9,0.31,0.6,5.7,,
122631,O,7.9,0.84,0.6,5.3,,
122631,I,7.9,0.31,0.5,5.6,,
122760,O,7.9,0.3,0.5,5.4,,
122760,I,7.9,0.31,0.5,4.8,,
122761,O,7.8,0.52,0.5,4.7,,
122761,I,7.7,0.5,0.4,5.3,,
122896,O,7.7,0.3,0.6,4.9,,
122896,I,7.5,0.25,0.4,5.2,,
122893,O,7.7,0.34,0.6,6.1,,
122893,I,7.8,0.26,0.6,6,,
123058,O,7.9,0.66,0.4,7,,
123058,I,7.9,0.65,0.6,7.4,,
123767,O,7.8,0.65,0.5,5.4,,
123767,I,7.7,0.62,0.5,5.5,,
122632,O,7.8,0.35,0.5,6.2,,
122632,I,7.9,0.33,0.4,6.3,,
122790,O,7.9,0.44,0.6,6.2,,
122790,I,7.8,0.42,0.6,5.8,,
122956,O,8,0.11,0.5,4.3,,
122956,I,7.9,0.09,0.5,5.5,,
110075,O,7.6,0.34,0.5,5,,
110075,I,7.7,0.32,0.6,4.8,,
111023,O,8.1,0.1,0.4,5.8,,
111023,I,8.2,0.19,0.5,6.1,,
110736,O,7.9,0.19,0.5,5.7,,
110736,I,7.7,0.17,0.6,5.2,,
110995,O,7.7,0.12,0.5,5.9,,
110995,I,7.8,0.18,0.4,5.3,,
110863,O,7.5,0.16,0.6,4.4,,
110863,I,7.7,0.15,0.4,5.2,,
110767,O,8,0.1,0.6,5.6,,
110767,I,7.7,0.1,0.6,4.3,,
110892,O,7.9,0.12,0.3,5.1,,
110892,I,7.8,0.11,0.3,5.5,,
110993,O,7.7,0.15,0.4,5.5,,
110993,I,7.6,0.23,0.4,5.3,,
111023,O,8.1,0.1,0.5,5.1,,
110735,I,8,0.12,0.5,4.8,,
110735,O,7.8,0.14,0.4,4.6,,
110738,I,7.8,0.12,0.4,5.8,,
110862,O,7.5,0.22,0.6,6.1,,
110862,I,7.5,0.15,0.6,5.5,,
110779,O,7.9,0.16,0.5,5.7,,
110779,I,8,0.14,0.5,5.1,,
110734,O,7.7,0.12,0.6,5.6,,
110734,I,7.9,0.11,0.6,6,,
110994,O,7.7,0.11,0.6,4.8,,
110994,I,7.8,0.1,0.5,4.7,,
110991,O,7.8,0.19,0.5,5.3,,
110991,I,7.6,0.18,0.4,4.9,,
111024,O,7.8,0.16,0.5,7.3,,
111024,I,7.7,0.15,0.4,7,,
110073,O,7.8,0.3,0.5,5.6,,
110073,I,7.9,0.31,0.4,5.8,,
110077,O,8,0.33,0.6,6.8,,
110077,I,7.9,0.29,0.6,6.4,,
109481,O,8,0.21,0.5,5,,
109481,I,7.9,0.2,0.5,5.4,,
109524,O,7.8,0.39,0.4,6.9,,
109524,I,7.7,0.37,0.5,6.6,,
110063,O,7.9,0.26,0.5,6.3,,
110063,I,7.8,0.24,0.5,6.2,,
110055,O,7.8,0.39,0.7,5.4,,
110055,I,7.8,0.37,0.5,5,,
110078,O,7.9,0.32,0.6,5.5,,
110078,I,7.9,0.29,0.6,5,,
109479,O,8.1,0.21,0.3,4.3,,
109479,I,7.8,0.3,0.5,4,,
109480,O,7.8,0.28,0.4,6.1,,
109480,I,7.9,0.18,0.3,5.7,,
110056,O,7.7,0.24,0.5,5.2,,
110056,I,7.8,0.22,0.5,5.9,,