,pH_Index,OM_Value
0,0.007039394350711122,0.52
1,0.007307600936876711,0.52
2,0.006805858832656238,0.59
3,0.006357850119195399,0.59
4,0.00637321047643604,0.4
5,0.0070499157455622494,0.4
6,0.00820890780475032,0.6
7,0.008967982947553887,0.6
8,0.006606799194189211,0.4
9,0.0068799413850599645,0.4
10,0.007514371745625328,0.5
11,0.007314869227590594,0.5
12,0.006826154048716999,0.57
13,0.007373635490467191,0.57
14,0.0067148538863763185,0.5
15,0.007021221775600764,0.5
16,0.007890283380571954,0.64
17,0.006854920694242393,0.64
18,0.007376362236214632,0.41
19,0.007701319019250561,0.41
20,0.006315659793922213,0.58
21,0.006912725182344557,0.58
22,0.006292691199847835,0.67
23,0.005904570160030541,0.67
24,0.006511126133837764,0.52
25,0.006823775538020989,0.52
26,0.006308256652886701,0.47
27,0.006507749804511875,0.47
28,0.0064637678602914765,0.52
29,0.0060545745162411515,0.52
30,0.006092680995808859,0.65
31,0.006481723028602327,0.65
32,0.006295125226340526,0.55
33,0.00622244028152596,0.55
34,0.006771077470920659,0.57
35,0.006807450241421604,0.57
36,0.006858863866889068,0.44
37,0.006289046108783469,0.44
38,0.0067515616885736865,0.52
39,0.0070278919826775674,0.52
40,0.00842596987705358,0.41
41,0.008253400206537422,0.41
42,0.006717416369067706,0.52
43,0.0071619724533527745,0.52
44,0.006853886764771099,0.39
45,0.006760222526646291,0.39
46,0.00665620707793626,0.53
47,0.006430951404605517,0.53
48,0.006744666854750466,0.45
49,0.006966455100031923,0.45
50,0.007701367613283985,0.6
51,0.007788156009340013,0.6
52,0.008127180917721914,0.61
53,0.009764875921576252,0.61
54,0.006454531760319861,0.52
55,0.008212282396831238,0.52
56,0.0081877867370192,0.5
57,0.008303867079857866,0.5
58,0.009699891004856121,0.43
59,0.007502426565432444,0.43
60,0.008478163029399315,0.36
61,0.008502767825389772,0.36
62,0.00804428210976611,0.55
63,0.007647127771013049,0.55
64,0.008286658834765794,0.45
65,0.007535680078107035,0.45
66,0.008329740705679605,0.52
67,0.00670090461969842,0.52
68,0.008302517500019816,0.65
69,0.0074582282855554525,0.65
70,0.00698795101622446,0.57
71,0.007758622404953298,0.57
72,0.0073434763034888545,0.6
73,0.0065184128949074965,0.6
74,0.0069863739277725555,0.5
75,0.006472932378550782,0.5
76,0.006475590393447429,0.85
77,0.006080317243127322,0.85
78,0.007393397445462546,0.48
79,0.006462449758194899,0.48
80,0.0074055838579817805,0.6
81,0.007065916241247315,0.6
82,0.006886784747421448,0.51
83,0.006514618084137343,0.51
84,0.00724445728600317,0.52
85,0.006914076804118102,0.52
86,0.007301812408621264,0.47
87,0.006744615638722861,0.47
88,0.007193065417681443,0.35
89,0.0061864627061463525,0.35
90,0.006908698075073525,0.41
91,0.006761844298649975,0.41
92,0.006659894574310092,0.64
93,0.0068721907865897805,0.64
94,0.006692232199473808,0.36
95,0.00782733061505668,0.36
96,0.007290270458343339,0.43
97,0.006724439034198385,0.43
98,0.006722490363667716,0.53
99,0.006495035116444558,0.53
100,0.006599900898989861,0.5
101,0.008182176809432628,0.5
102,0.0073833002981966225,0.5
103,0.007843590558974236,0.5
104,0.006818068532190002,0.48
105,0.008423395873239469,0.48
106,0.009460560964198898,0.5
107,0.008608559384636859,0.5
108,0.006429467646912199,0.45
109,0.00806464682166401,0.45
110,0.008589794803620567,0.48
111,0.009103038773636897,0.48
112,0.008427641992320434,0.54
113,0.01004384190847969,0.54
114,0.006717831316761988,0.47
115,0.008630497707120871,0.47
116,0.007292571160430866,0.41
117,0.00888103625583995,0.41
118,0.009100627737462293,0.67
119,0.007045200971880933,0.67
120,0.010196169843721473,0.55
121,0.00706474834329938,0.55
122,0.008547023434687362,0.71
123,0.007336058600463751,0.71
124,0.007616263963014175,0.88
125,0.0067177267144593435,0.88
126,0.008114594949914622,0.83
127,0.009965575587255927,0.83
128,0.007552614443461626,0.78
129,0.007678573456217498,0.78
130,0.007708432783055699,0.86
131,0.008570061274867452,0.86
132,0.007692135968774942,0.67
133,0.008532014773597305,0.67
134,0.007975370694916063,0.52
135,0.007266058049501814,0.52
136,0.006653394785750879,0.47
137,0.006627233070348906,0.47
138,0.007790479209710779,0.4
139,0.008756304932539372,0.4
140,0.010979161108517004,0.78
141,0.008150446559288841,0.78
142,0.0069743186112198,0.6
143,0.0069527517136744885,0.6
144,0.006833947904159181,0.45
145,0.006320698136547339,0.45
146,0.006289271758567821,0.67
147,0.006581556709083522,0.67
148,0.006241022104648725,0.41
149,0.006471981404667629,0.41
150,0.006530291715629215,0.62
151,0.007117819870610429,0.62
152,0.006870736758451558,0.5
153,0.007248175977350578,0.5
154,0.006287326279578432,0.56
155,0.007445308927128068,0.56
156,0.007138229204427312,0.47
157,0.00651099539244581,0.47
158,0.006576917781419259,0.6
159,0.006560171999306879,0.6
160,0.007503691377910276,0.57
161,0.007295038733763339,0.57
162,0.006565759544874453,0.52
163,0.00679695799803092,0.52
164,0.008954821791559748,0.83
165,0.008218023368520141,0.83
166,0.008133757396804045,0.72
167,0.009994425497549007,0.72
168,0.007772940822322884,0.78
169,0.006581493448693989,0.78
170,0.009361535630357704,0.5
171,0.009749538962245027,0.5
172,0.009335952276433714,0.57
173,0.009995664084191575,0.57
174,0.007124128222800145,0.7
175,0.007203260866879802,0.7
176,0.008212062849264862,0.66
177,0.006539377951935318,0.66
178,0.007493151584460135,0.83
179,0.007932552904534585,0.83
180,0.007933858787238594,0.72
181,0.008032102204772741,0.72
182,0.009462055566673271,0.72
183,0.008477586448267148,0.72
184,0.007761514099389943,0.67
185,0.008296146540663426,0.67
186,0.00967456801026492,0.78
187,0.009049141881326307,0.78
188,0.011025757763173686,0.88
189,0.008716513575462879,0.88
190,0.00798097337960772,0.76
191,0.007398467168367059,0.76
192,0.007226819437747778,0.81
193,0.007817658339910874,0.81
194,0.00783616168519264,0.83
195,0.007300690593913467,0.83
196,0.008397367254287035,0.88
197,0.008743059176622946,0.88
198,0.009023893713063632,0.67
199,0.007747506768846741,0.67
200,0.008149641648064488,0.62
201,0.007718418937086909,0.62
202,0.006279844206602048,0.57
203,0.007263991463446482,0.57
204,0.00678068734840182,0.57
205,0.008506088282783493,0.57
206,0.00788763893837234,0.52
207,0.009673811322718289,0.52
208,0.006782082860191735,0.47
209,0.008240144656323495,0.47
210,0.008921680204365345,0.63
211,0.006804140032566597,0.63
212,0.006531512063939665,0.41
213,0.00712291624823098,0.41
214,0.006726846704164322,0.72
215,0.0068598516136032335,0.72
216,0.006697276587846589,0.47
217,0.006448671578265646,0.47
218,0.006206843252619732,0.49
219,0.006845342310911945,0.49
220,0.006171616176538301,0.5
221,0.006298891263947662,0.5
222,0.006415258608520411,0.3
223,0.006697822507709451,0.3
224,0.006836383075090854,0.62
225,0.006976034343350501,0.62
226,0.006960959538643537,0.49
227,0.006962182579914553,0.49
228,0.007863885272997114,0.5
229,0.007414203744011502,0.5
230,0.006881109347289803,0.34
231,0.0063671709237006725,0.34
232,0.008332021073234929,0.34
233,0.007734271570701804,0.34
234,0.007614109139510062,0.71
235,0.008249718139993274,0.71
236,0.0066138220640697765,0.41
237,0.006692446883568521,0.41
238,0.007871512106458693,0.41
239,0.006711664511829606,0.41
240,0.007541419767102185,0.4
241,0.009089772648688673,0.4
242,0.007083686150566408,0.4
243,0.008067385866801951,0.4
244,0.006909090366697907,0.4
245,0.006333952052536485,0.4
246,0.009086268426039375,0.4
247,0.007479540885221843,0.4
248,0.007216609139905358,0.3
249,0.008481395532994582,0.3
250,0.006192718966871637,0.5
251,0.0073917417691502785,0.5
252,0.007768157825073859,0.4
253,0.007768157825073859,0.4
254,0.007138414142306344,0.4
255,0.007138414142306344,0.4
256,0.006771467093109749,0.6
257,0.006550326828483342,0.6
258,0.006083576946458926,0.3
259,0.007299648235986787,0.3
260,0.006945790812789918,0.5
261,0.006247208658260936,0.5
262,0.006215114991780858,0.4
263,0.006215114991780858,0.4
264,0.007190735992824411,0.4
265,0.007190735992824411,0.4
266,0.007311837425130622,0.5
267,0.0072968000614891965,0.5
268,0.006596824647888864,0.5
269,0.00651534651664889,0.5
270,0.006992535190268543,0.5
271,0.006462357731805158,0.5
272,0.008711323893511268,0.7
273,0.008711323893511268,0.7
274,0.008285247347143365,0.7
275,0.008285247347143365,0.7
276,0.006817742228647323,0.6
277,0.0070721920505562984,0.6
278,0.008585050104419878,0.7
279,0.0070268894307985545,0.7
280,0.009664048552906953,0.6
281,0.009664048552906953,0.6
282,0.008774171896266862,0.6
283,0.008774171896266862,0.6
284,0.005739898705490229,0.4
285,0.005739898705490229,0.4
286,0.006283980303856369,0.4
287,0.006283980303856369,0.4
288,0.007782767871613977,0.6
289,0.007782767871613977,0.6
290,0.007096221484772806,0.6
291,0.007096221484772806,0.6
292,0.009383286330312608,0.3
293,0.009383286330312608,0.3
294,0.008742638819024113,0.3
295,0.008742638819024113,0.3
296,0.006983290791407968,0.5
297,0.006983290791407968,0.5
298,0.007384856958885816,0.5
299,0.007384856958885816,0.5
300,0.00970838841875758,0.4
301,0.00970838841875758,0.4
302,0.009462279079122659,0.4
303,0.009462279079122659,0.4
304,0.007561315099780286,0.4
305,0.007561315099780286,0.4
306,0.007570005103508827,0.4
307,0.007570005103508827,0.4
308,0.007345694152910613,0.3
309,0.007345694152910613,0.3
310,0.007375701231027394,0.3
311,0.007375701231027394,0.3
312,0.008096467934767182,0.5
313,0.008096467934767182,0.5
314,0.008124306452628243,0.5
315,0.008124306452628243,0.5
316,0.007313064610196789,0.5
317,0.007313064610196789,0.5
318,0.007669828469568913,0.5
319,0.007669828469568913,0.5
320,0.0069605976657058964,0.4
321,0.0069605976657058964,0.4
322,0.007229410429791021,0.4
323,0.007229410429791021,0.4
324,0.007784598976980595,0.4
325,0.007784598976980595,0.4
326,0.006849339967882997,0.4
327,0.006849339967882997,0.4
328,0.007193264932292282,0.4
329,0.007193264932292282,0.4
330,0.007994890238247674,0.4
331,0.007994890238247674,0.4
332,0.007223607070378027,0.4
333,0.007223607070378027,0.4
334,0.00828584489927032,0.4
335,0.00828584489927032,0.4
336,0.007377309615089963,0.3
337,0.007377309615089963,0.3
338,0.007772269916880577,0.3
339,0.007772269916880577,0.3
340,0.010429313914961644,0.6
341,0.010429313914961644,0.6
342,0.009915761485667501,0.6
343,0.009915761485667501,0.6
344,0.009016711886283894,0.4
345,0.009016711886283894,0.4
346,0.009826384661309308,0.4
347,0.009826384661309308,0.4
348,0.007535489825283347,0.5
349,0.007535489825283347,0.5
350,0.007625450292786677,0.5
351,0.007625450292786677,0.5
352,0.007659831457424488,0.5
353,0.007659831457424488,0.5
354,0.007687545500917184,0.5
355,0.007687545500917184,0.5
356,0.008411029431652377,0.7
357,0.008411029431652377,0.7
358,0.007774259316495213,0.7
359,0.007774259316495213,0.7
360,0.009415041583413969,0.4
361,0.009415041583413969,0.4
362,0.00804199173114133,0.4
363,0.00804199173114133,0.4
364,0.009305246853151632,0.5
365,0.009305246853151632,0.5
366,0.00786804490377221,0.5
367,0.00786804490377221,0.5
368,0.0075565310063740445,0.3
369,0.0075565310063740445,0.3
370,0.008264712226323863,0.3
371,0.008264712226323863,0.3
372,0.009048958935183152,0.5
373,0.009048958935183152,0.5
374,0.007945805182558508,0.5
375,0.007945805182558508,0.5
376,0.007457317042156842,0.5
377,0.007457317042156842,0.5
378,0.007338983678692472,0.5
379,0.007338983678692472,0.5
380,0.008915570337537936,0.5
381,0.008915570337537936,0.5
382,0.0072134170645027085,0.5
383,0.0072134170645027085,0.5
384,0.008338890936970107,0.4
385,0.008338890936970107,0.4
386,0.009305705583865034,0.4
387,0.009305705583865034,0.4
388,0.009430223082615593,0.4
389,0.009430223082615593,0.4
390,0.00794134239644796,0.4
391,0.00794134239644796,0.4
392,0.007608741723366901,0.35
393,0.007608741723366901,0.35
394,0.008141123483561967,0.3
395,0.008141123483561967,0.3
396,0.0078720055424855,0.3
397,0.0078720055424855,0.3
398,0.00647985478725214,0.59
399,0.00647985478725214,0.59
400,0.006561253768016964,0.59
401,0.006561253768016964,0.59
402,0.007310433388294943,0.4
403,0.007310433388294943,0.4
404,0.006608480139759435,0.4
405,0.006608480139759435,0.4
406,0.0064166727927067735,0.5
407,0.0064166727927067735,0.5
408,0.006287492192105013,0.5
409,0.006287492192105013,0.5
410,0.0069444685848781785,0.5
411,0.0069444685848781785,0.5
412,0.00687983948950692,0.5
413,0.00687983948950692,0.5
414,0.008234177587472604,0.4
415,0.008234177587472604,0.4
416,0.008186238398511191,0.4
417,0.008186238398511191,0.4
418,0.00793050264473507,0.5
419,0.00793050264473507,0.5
420,0.008410402180870327,0.5
421,0.008410402180870327,0.5
422,0.007764411302304724,0.5
423,0.0075639970790693815,0.5
424,0.007734312026655659,0.5
425,0.00794010753482498,0.5
426,0.0070107006250648045,0.52
427,0.007331405730941542,0.52
428,0.007635600958998452,0.4
429,0.007635600958998452,0.4
430,0.00990727416908795,0.4
431,0.00990727416908795,0.4
432,0.008587840667293754,0.6
433,0.008849411547785511,0.6
434,0.011184064265453193,0.5
435,0.009291700622461173,0.5
436,0.006999655202005164,0.5
437,0.0071942112335059176,0.5
438,0.007504929888314927,0.4
439,0.007504929888314927,0.4
440,0.007081474402169529,0.4
441,0.007081474402169529,0.4
442,0.007635433078905242,0.3
443,0.007635433078905242,0.3
444,0.007334145973017317,0.3
445,0.007334145973017317,0.3
446,0.007330849436319191,0.6
447,0.007330849436319191,0.6
448,0.008332871824487413,0.6
449,0.008332871824487413,0.6
450,0.007472759479133929,0.8
451,0.006875520738000307,0.8
452,0.006928285068022864,0.6
453,0.00707698859643742,0.6
454,0.010135726498404501,0.43
455,0.007395071078907202,0.43
456,0.008113414262060225,0.2
457,0.009287183211239393,0.2
458,0.010097583231134528,0.4
459,0.008750314826743155,0.4
460,0.00747414237334012,0.4
461,0.00747414237334012,0.4
462,0.009916105644992354,0.4
463,0.009916105644992354,0.4
464,0.0070716938470046856,0.6
465,0.0070716938470046856,0.6
466,0.00610720725738473,0.6
467,0.00610720725738473,0.6
468,0.007030707870292747,0.5
469,0.007030707870292747,0.5
470,0.0076322920381448065,0.5
471,0.0076322920381448065,0.5
472,0.0065279398220523255,0.4
473,0.0065279398220523255,0.4
474,0.007204105789408657,0.4
475,0.007204105789408657,0.4
476,0.008373847476581807,0.6
477,0.008373847476581807,0.6
478,0.00717969046193311,0.6
479,0.00717969046193311,0.6
480,0.007490657585075478,0.5
481,0.007519533743740059,0.5
482,0.008444286580500114,0.5
483,0.008704208773050675,0.5
484,0.007964232673193003,0.5
485,0.008261810760060764,0.5
486,0.008824059281916962,0.7
487,0.008824059281916962,0.7
488,0.008694526347310685,0.7
489,0.008694526347310685,0.7
490,0.007497095000510565,0.45
491,0.007497095000510565,0.45
492,0.007084792709867026,0.45
493,0.007084792709867026,0.45
494,0.008593076503961536,0.6
495,0.008593076503961536,0.6
496,0.009701681415066747,0.6
497,0.009701681415066747,0.6
498,0.006408803871789134,0.7
499,0.006408803871789134,0.7
500,0.008595577026652307,0.7
501,0.008595577026652307,0.7
502,0.006416127985459478,0.54
503,0.006416127985459478,0.54
504,0.007524599149308728,0.54
505,0.007524599149308728,0.54
506,0.006546057880419902,0.5
507,0.006546057880419902,0.5
508,0.007323684903351314,0.5
509,0.007323684903351314,0.5
510,0.00852042995368094,0.7
511,0.008123442233418132,0.7
512,0.010344406103116969,0.6
513,0.008735664798417222,0.6
514,0.007929732980697388,0.5
515,0.007929732980697388,0.5
516,0.007283029814334977,0.5
517,0.007283029814334977,0.5
518,0.008518993318015389,0.5
519,0.009036673351199943,0.5
520,0.008021599120753078,0.6
521,0.007445015993682485,0.6
522,0.008131726939261313,0.4
523,0.008455293192542396,0.4
524,0.009774329440269305,0.7
525,0.006678729004676924,0.7
526,0.0074954815106160625,0.4
527,0.006174799242888725,0.4
528,0.007379626063580424,0.2
529,0.007433139382389394,0.2
530,0.007956304884322342,0.77
531,0.008428626587160997,0.77
532,0.008652484412477263,0.69
533,0.008652484412477263,0.69
534,0.007481255568139384,0.69
535,0.007481255568139384,0.69
536,0.0071703555147738076,0.6
537,0.006790596570320017,0.6
538,0.008034643404174601,0.5
539,0.007224785877707171,0.5
540,0.006889742267681891,0.55
541,0.006499707432115104,0.55
542,0.0069046576239989626,0.5
543,0.0069046576239989626,0.5
544,0.007820225487079857,0.5
545,0.007820225487079857,0.5
546,0.00784616674090556,0.6
547,0.00784616674090556,0.6
548,0.009201883725680017,0.6
549,0.009201883725680017,0.6
550,0.008119597541749221,0.48
551,0.008119597541749221,0.48
552,0.007817452349813904,0.48
553,0.007817452349813904,0.48
554,0.007109324709035221,0.5
555,0.006918968973444116,0.5
556,0.006406243060796687,0.41
557,0.006406243060796687,0.41
558,0.007239232177665074,0.19
559,0.007239232177665074,0.19
560,0.009021723899829547,0.19
561,0.009021723899829547,0.19
562,0.007812057016755587,0.55
563,0.007812057016755587,0.55
564,0.006029995243544607,0.5
565,0.006029995243544607,0.5
566,0.009487428888291915,0.41
567,0.009487428888291915,0.41
568,0.009712259057064597,0.41
569,0.009712259057064597,0.41
570,0.007369291784392037,0.5
571,0.007369291784392037,0.5
572,0.007581978983162944,0.5
573,0.007581978983162944,0.5
574,0.006697069247755095,0.62
575,0.006697069247755095,0.62
576,0.012137728748181637,0.62
577,0.012137728748181637,0.62
578,0.00821756299409547,0.6
579,0.010543844934671701,0.6
580,0.008149053216547773,0.4
581,0.009287958690098876,0.4
582,0.008374941952434259,0.4
583,0.008290524316066349,0.4
584,0.00807196369592607,0.3
585,0.00807196369592607,0.3
586,0.007003679651117048,0.3
587,0.007003679651117048,0.3
588,0.009557464457253913,0.5
589,0.009557464457253913,0.5
590,0.009057965086397727,0.5
591,0.009057965086397727,0.5
592,0.008089339279505442,0.5
593,0.008089339279505442,0.5
594,0.007346585181038384,0.5
595,0.007346585181038384,0.5
596,0.007550894807055199,0.6
597,0.007550894807055199,0.6
598,0.007721452810901127,0.6
599,0.007721452810901127,0.6
600,0.007855044194681577,0.6
601,0.007071654809827974,0.6
602,0.006723694698401982,0.6
603,0.006528453805015269,0.6
604,0.006515493111794629,0.6
605,0.006515493111794629,0.6
606,0.007403562514888039,0.6
607,0.007403562514888039,0.6
608,0.008397275657760118,1.01
609,0.007505812698166557,1.01
610,0.00928439669342204,0.5
611,0.00928439669342204,0.5
612,0.0081870274276042,0.5
613,0.0081870274276042,0.5
614,0.010993139677347899,0.7
615,0.010993139677347899,0.7
616,0.010786317006263611,0.7
617,0.010786317006263611,0.7
618,0.0072430395661212356,0.4
619,0.0072430395661212356,0.4
620,0.005971052792503966,0.4
621,0.005971052792503966,0.4
622,0.008254636411490527,0.4
623,0.008254636411490527,0.4
624,0.008847271795961023,0.4
625,0.008847271795961023,0.4
626,0.006454667946932343,0.43
627,0.006454667946932343,0.43
628,0.006718311761236306,0.47
629,0.006718311761236306,0.47
630,0.007994192790498778,0.5
631,0.007994192790498778,0.5
632,0.008431287926692774,0.5
633,0.008431287926692774,0.5
634,0.00973536552726571,0.6
635,0.00973536552726571,0.6
636,0.009622309473955613,0.6
637,0.009622309473955613,0.6
638,0.008230072641055599,0.5
639,0.007575540405741887,0.5
640,0.01001321488708663,0.5
641,0.008413632975419444,0.5
642,0.00907177575005326,0.6
643,0.008699582093592709,0.6
644,0.007521990131301786,0.6
645,0.009018813129212712,0.6
646,0.007199454300932911,0.38
647,0.007199454300932911,0.38
648,0.008813395779612338,0.67
649,0.008127071659717537,0.67
650,0.008767201666696695,0.75
651,0.0071789139089408266,0.75
652,0.010571512822491105,1.09
653,0.009125398381504562,1.09
654,0.00869748274598758,0.88
655,0.009150501058314957,0.88
656,0.008107666869385818,0.65
657,0.00815389378591968,0.65
658,0.009650212414474457,0.57
659,0.00858056537626503,0.57
660,0.01012370934547695,0.47
661,0.009501313059769251,0.47
662,0.009785168979761416,0.78
663,0.009479873020776656,0.78
664,0.008573296116495484,0.72
665,0.00867547981729266,0.72
666,0.008970598258286215,0.52
667,0.008985893674585778,0.52
668,0.008797120531972843,0.47
669,0.008763104263830018,0.47
670,0.030274878428253448,0.45
671,0.009874745236586442,0.45
672,0.008197494890207015,0.53
673,0.009583897049623053,0.53
674,0.011026507614665617,0.57
675,0.021968931852448182,0.57
676,0.011049418339784676,0.52
677,0.009647692959278746,0.52
678,0.008102529568901264,0.55
679,0.007951380317606815,0.55
680,0.010963603264293692,0.53
681,0.009800547034679195,0.53
682,0.007177878950759062,0.35
683,0.007040912551593809,0.35
684,0.006449942567532394,0.5
685,0.006758237076244578,0.5
686,0.009011717468718148,0.7
687,0.0069396375788224815,0.7
688,0.006349343193020309,0.45
689,0.006662808567716667,0.45
690,0.006281887754066085,0.4
691,0.0073761705316341035,0.4
692,0.007515037041845629,0.4
693,0.0076393886693621816,0.4
694,0.007038857416483152,0.42
695,0.0072967350050269966,0.42
696,0.007232879111016503,0.39
697,0.007131776597463809,0.39
698,0.010180261005647015,0.51
699,0.010344944849685279,0.51
700,0.017777016664433154,0.45
701,0.02174547419867033,0.45
702,0.007944667939034124,0.47
703,0.00856766854654744,0.47
704,0.011893387649915531,0.49
705,0.009912504363162222,0.49
706,0.008197177419580608,0.46
707,0.00906960921754449,0.46
708,0.008930506535584637,0.4
709,0.009272251969735582,0.4
710,0.022433225709179785,0.46
711,0.0159403628939164,0.46
712,0.009284052095674213,0.43
713,0.009798115687955937,0.43
714,0.006618584312995911,0.51
715,0.006856376235712044,0.51
716,0.006712061784787369,0.43
717,0.0062916137130692735,0.43
718,0.007020996908351253,0.48
719,0.0069210752625371635,0.48
720,0.006649443450699406,0.37
721,0.006448157260424337,0.37
722,0.007819383678547759,0.49
723,0.007964233455682534,0.49
724,0.008725351548507954,0.43
725,0.009489518120576553,0.43
726,0.015682376000766066,0.54
727,0.013558613145857892,0.54
728,0.012793048576541854,0.43
729,0.012253707854094326,0.43
730,0.010247772733069958,0.48
731,0.011945366893550802,0.48
732,0.007726601890555351,0.42
733,0.012460670766844956,0.42
734,0.0076370355825587126,0.51
735,0.00825483734434999,0.51
736,0.008324365067008505,0.42
737,0.009058649668967078,0.42
738,0.010017441974457945,0.38
739,0.008813328652638997,0.38
740,0.008689312821724087,0.5
741,0.010043798052012286,0.5
742,0.009642137739957833,0.4
743,0.009101512756117213,0.4
744,0.00766552136945416,0.52
745,0.008915814817565194,0.52
746,0.007946857474458885,0.47
747,0.007191597888422848,0.47
748,0.007827047582102573,0.45
749,0.007281895907211831,0.45
750,0.008414399508845516,0.44
751,0.008853108766472073,0.44
752,0.007298500029222046,0.55
753,0.00797180831039975,0.55
754,0.007324450014791389,0.4
755,0.00776107009781637,0.4
756,0.00868485874305102,0.58
757,0.008963152979307937,0.58
758,0.007909361285956967,0.69
759,0.008100480456541197,0.69
760,0.00783461777622378,0.57
761,0.007790283696738481,0.57
762,0.008553270805862195,0.7
763,0.008050310010484842,0.7
764,0.007013366130902246,0.49
765,0.007895659507320007,0.49
766,0.0088124810758444,0.35
767,0.009264026348288011,0.35
768,0.008945558599175969,0.45
769,0.007141864038556414,0.45
770,0.007452813484979572,0.42
771,0.008096284665740737,0.42
772,0.009264476658337786,0.41
773,0.006797248448703511,0.41
774,0.006998464906239202,0.52
775,0.007053016191073988,0.52
776,0.008023330892878416,0.26
777,0.00739679974773832,0.26
778,0.006743240594070002,0.36
779,0.006666052737361526,0.36
780,0.007058660293407173,0.34
781,0.006771808156051248,0.34
782,0.007294355031367685,0.72
783,0.007204748365445184,0.72
784,0.008150617253274225,0.62
785,0.0066013374429875205,0.62
786,0.007886821486163242,0.67
787,0.006948595220767162,0.67
788,0.0087788042186319,1.01
789,0.009032505590745425,1.01
790,0.009312527717147582,0.9
791,0.010025190359179745,0.9
792,0.014002769248488993,0.46
793,0.0118785660490585,0.46
794,0.00940984899464693,0.88
795,0.008021828660266189,0.88
796,0.007427606310636928,0.62
797,0.006707651785223081,0.62
798,0.0067437218378834434,0.72
799,0.006651595719105423,0.72
800,0.006397767338562446,0.56
801,0.008025216703388939,0.56
802,0.007220183415488655,0.52
803,0.006605406259365239,0.52
804,0.0069827947594805475,0.7
805,0.006819626337513268,0.7
806,0.006361796732458953,0.63
807,0.006467603746375793,0.63
808,0.007106897014058125,0.51
809,0.006562329013093436,0.51
810,0.0068437117679315184,0.5
811,0.0065810326913874236,0.5
812,0.006744011510621829,0.72
813,0.0071808768913486365,0.72
814,0.007962977888844553,0.55
815,0.008402084489038078,0.55
816,0.009873357713528437,0.6
817,0.00739106242262688,0.6
818,0.012535187861183695,0.64
819,0.007728705576019359,0.64
820,0.0096777500878883,0.4
821,0.008566499047217345,0.4
822,0.008872463912949723,0.54
823,0.009368529598125395,0.54
824,0.009143068421782894,0.5
825,0.008982171662554748,0.5
826,0.00853230696381107,0.47
827,0.008797888139673032,0.47
828,0.007271243727134563,0.6
829,0.007516622918359734,0.6
830,0.008356325806886184,0.54
831,0.009210851024118435,0.54
832,0.0066993018653343185,0.61
833,0.007291228646356643,0.61
834,0.007672356499550246,0.61
835,0.007124082641117483,0.61
836,0.008288619884702688,0.47
837,0.015037667266435953,0.47
838,0.006454678323957439,0.43
839,0.006207971642320409,0.43
840,0.006763300878592783,0.65
841,0.006869846822281388,0.65
842,0.007221238868775581,0.6
843,0.0073199899930102875,0.6
844,0.006872535895940147,0.48
845,0.006636145776910287,0.48
846,0.007002448245532135,0.57
847,0.006410062958985782,0.57
848,0.006771498286076154,0.6
849,0.006925861339196006,0.6
850,0.006894199962695767,0.63
851,0.006983360335685098,0.63
852,0.01000951644630182,0.49
853,0.008462033144319802,0.49
854,0.007889730578937144,0.3
855,0.007219883981098364,0.3
856,0.007444271681424887,0.59
857,0.007211460412594049,0.59
858,0.008058585327854832,0.54
859,0.007283624780255833,0.54
860,0.006781816653118495,0.5
861,0.0067388364499181945,0.5
862,0.007482378131132156,0.6
863,0.00681623101121865,0.6
864,0.007043041627653369,0.6
865,0.00679713234882832,0.6
866,0.007082355846652946,0.6
867,0.007200162722598031,0.6
868,0.006362964055447172,0.45
869,0.00694755553197651,0.45
870,0.006876927782529131,0.3
871,0.006850867597056031,0.3
872,0.007612437840272941,0.38
873,0.008522106600735858,0.38
874,0.008298225536847665,0.8
875,0.010136976883320327,0.8
876,0.00981097385287174,0.72
877,0.010016019715632107,0.72
878,0.014573888272183439,0.69
879,0.013416671360312373,0.69
880,0.00698437273571085,0.56
881,0.007320335609697797,0.56
882,0.0070097885161460195,0.47
883,0.0065838106032570535,0.47
884,0.0070779085270640685,0.62
885,0.00732622938368583,0.62
886,0.007406979178986166,0.26
887,0.0076526532416213685,0.26
888,0.006644208416072914,0.62
889,0.006898353828301641,0.62
890,0.006266549129378064,0.26
891,0.006928754935041241,0.26
892,0.006630168270289499,0.47
893,0.006354466879912554,0.47
894,0.006439857849863247,0.52
895,0.00708303814495022,0.52
896,0.006836126013517999,0.52
897,0.0067643702560397714,0.67
898,0.006617668982602867,0.67
899,0.006933228854664653,0.7
900,0.007051151559696752,0.7
901,0.006706929497790828,0.41
902,0.0070985825699088605,0.41
903,0.006692546137533286,0.26
904,0.006468007595720305,0.26
905,0.006745207162281601,0.57
906,0.007255735298746284,0.57
907,0.007654805526880893,0.36
908,0.007000902772558785,0.36
909,0.006641857610596909,0.41
910,0.007851487727398462,0.41
911,0.007291881099933205,0.57
912,0.007038916032042552,0.57
913,0.0068233699686506425,0.21
914,0.0070532230362506596,0.21
915,0.012000150095778834,0.31
916,0.00937661508303471,0.31
917,0.006414404741316046,0.36
918,0.006886316055547765,0.36
919,0.006693605693445239,0.26
920,0.006532964682670957,0.26
921,0.006562866581089168,0.57
922,0.007119042110929844,0.57
923,0.006335676051704147,0.47
924,0.006976439140457428,0.47
925,0.006420750676953985,0.93
926,0.0068722394789906055,0.93
927,0.006524636958502411,0.78
928,0.006638476881258892,0.78
929,0.007320407710861442,0.62
930,0.006807290070000325,0.62
931,0.006006950609596856,0.6
932,0.006921809152982018,0.6
933,0.0061509464081476745,0.7
934,0.006932830894040159,0.7
935,0.0070321800601074866,0.53
936,0.0073166877805950145,0.53
937,0.0071949025374491524,0.53
938,0.007106845269122874,0.6
939,0.006489909743551767,0.6
940,0.006423749720163045,0.52
941,0.00708496522015063,0.52
942,0.009128374335439057,0.26
943,0.009355161678411314,0.26
944,0.013440084236633797,0.52
945,0.010674978171632096,0.52
946,0.011097195237143375,0.36
947,0.013635456344565736,0.36
948,0.009181682245303321,0.52
949,0.009402728639255635,0.52
950,0.011089660878006528,0.62
951,0.00841815142829279,0.62
952,0.008400617789489364,0.57
953,0.00861320055084392,0.57
954,0.009647557551691603,0.57
955,0.01149628799901118,0.57
956,0.009154150648717836,0.26
957,0.00970325955426434,0.26
958,0.0070153826187373414,0.55
959,0.0072208787635836755,0.55
960,0.008043599808288029,1.0
961,0.007145465381354153,1.0
962,0.006884860158037917,1.0
963,0.006794372801727834,1.0
964,0.006932874447777958,0.74
965,0.0061019790159917734,0.74
966,0.0072253925611137125,0.74
967,0.007513185574414994,0.74
968,0.006246907740820131,0.58
969,0.0062991625604170275,0.58
970,0.006271962330053979,0.64
971,0.008059900836348133,0.64
972,0.006147492598940075,0.41
973,0.007464845635773675,0.41
974,0.006703118551703478,0.52
975,0.007387203345066291,0.52
976,0.006606108292562852,0.44
977,0.0070550892501164645,0.44
978,0.009527125347044092,0.52
979,0.008607047296839943,0.52
980,0.011979952160575296,0.36
981,0.010956520376274481,0.36
982,0.00830067833864358,0.41
983,0.007862670240268658,0.41
984,0.008236093171292572,0.52
985,0.008100881542743863,0.52
986,0.008907257093092315,0.26
987,0.008890059222881757,0.26
988,0.013869843649163697,0.31
989,0.009406755936452052,0.31
990,0.010963548926957363,0.31
991,0.012891730261213524,0.31
992,0.00837023832083135,0.31
993,0.010911896741881836,0.31
994,0.006780627609391315,0.52
995,0.006664064593319215,0.52
996,0.0072437071364636245,0.52
997,0.00662767220783927,0.6
998,0.0068526689526315155,0.6
999,0.00708925151827982,0.61
1000,0.007229798291204033,0.61
1001,0.006500911091387561,0.78
1002,0.006021233312873113,0.78
1003,0.007169106209101737,0.65
1004,0.006807220960132839,0.65
1005,0.00818670882978073,0.6
1006,0.00693518741747153,0.6
1007,0.007106055617622852,0.64
1008,0.007305559677523423,0.64
1009,0.00640025889981431,0.85
1010,0.006591167392065919,0.85
1011,0.008572855269187371,0.6
1012,0.006549627841004092,0.6
1013,0.006475910124895629,0.41
1014,0.006755930567569223,0.41
1015,0.008306760521750861,0.62
1016,0.010837615824543448,0.62
1017,0.008413525889784251,0.52
1018,0.009373798284555486,0.52
1019,0.008415065895853504,0.43
1020,0.009706505644565717,0.43
1021,0.009645014984928113,0.78
1022,0.009702126267003659,0.78
1023,0.011098681922590304,0.52
1024,0.009898504540837886,0.52
1025,0.010205113397155838,0.78
1026,0.007931217079382658,0.78
1027,0.008822855407157985,0.81
1028,0.01641319684731503,0.81
1029,0.008987488457451818,0.53
1030,0.006601097905502153,0.53
1031,0.008074989099491618,0.62
1032,0.008253201051985811,0.62
1033,0.009836436025488131,0.26
1034,0.009320319276478356,0.26
1035,0.00821228497153452,0.21
1036,0.00922599547307205,0.21
1037,0.008987264585494531,0.62
1038,0.008957355332770069,0.62
1039,0.008601224246068354,0.3
1040,0.01055839534540454,0.3
1041,0.008119660015397184,0.64
1042,0.00869478078023204,0.64
1043,0.01727975517060601,0.62
1044,0.0104745024073779,0.62
1045,0.008126862955165284,4.4
1046,0.009052308790416368,4.4
1047,0.01040281102660311,0.5
1048,0.009101120010310092,0.5
1049,0.011960487442730742,0.62
1050,0.014054215596201746,0.62
1051,0.009895801402061206,0.6
1052,0.009754775847200525,0.67
1053,0.007047879926902632,0.6
1054,0.007281384654199224,0.6
1055,0.007330290161924679,0.52
1056,0.0073959901195682284,0.56
1057,0.008428171783503942,0.26
1058,0.010696242521033973,0.4
1059,0.009682102135330157,0.4
1060,0.010652396901529223,0.6
1061,0.0086800325146803,0.6
1062,0.017607403287166125,0.5
1063,0.010536363120079833,0.5
